,Дата,Время,Количество участников,Тип дороги,Тип покрытия дороги,Температура воздуха,Показатель освещённости,Процент влажности дороги
0,2021-04-02,21:50:21,2,Обычная дорога типа I,Бетон,11,1.7,59
1,2021-05-08,00:25:52,2,Обычная дорога типа IV,Грунт,10,0.1,63
2,2021-08-06,10:20:09,2,Обычная дорога типа III,Бетон,17,0.8,82
3,2020-12-26,20:26:10,4,Обычная дорога типа III,Бетон,-1,0.65,78
4,2021-09-22,07:34:31,2,Скоростная дорога,Асфальт,16,2.2,84
5,2021-09-20,00:15:25,2,Автомагистраль,Бетон,11,1.65,90
6,2021-06-08,04:52:36,3,Обычная дорога типа IV,Бетон,16,0.1499999999999999,63
7,2020-10-22,13:07:31,3,Скоростная дорога,Асфальт,2,2.2,88
8,2021-03-29,14:06:48,3,Обычная дорога типа I,Гравий,-5,1.55,59
9,2021-05-05,06:10:32,4,Скоростная дорога,Асфальт,11,1.8,69
10,2021-10-02,04:31:27,2,Обычная дорога типа I,Бетон,1,1.6,77
11,2020-10-20,18:37:08,3,Обычная дорога типа I,Бетон,2,1.4500000000000002,83
12,2021-04-21,04:16:36,2,Обычная дорога типа I,Бетон,3,1.7000000000000002,56
13,2020-12-28,23:40:17,2,Обычная дорога типа IV,Бетон,-4,0.4,92
14,2020-10-23,09:40:58,3,Обычная дорога типа III,Грунт,1,0.8,75
15,2021-06-22,18:26:20,4,Обычная дорога типа I,Грунт,12,1.85,57
16,2021-04-13,08:40:57,4,Скоростная дорога,Асфальт,6,1.45,61
17,2021-08-16,10:59:59,3,Обычная дорога типа IV,Асфальт,21,0.6000000000000001,76
18,2020-12-07,00:25:48,2,Обычная дорога типа I,Бетон,1,1.05,77
19,2021-02-11,04:53:20,4,Обычная дорога типа I,Бетон,-5,1.45,78
20,2021-03-17,20:05:53,4,Скоростная дорога,Бетон,2,1.75,72
21,2021-08-11,12:40:41,4,Скоростная дорога,Асфальт,22,1.65,85
22,2021-03-24,05:13:50,4,Автомагистраль,Асфальт,-6,1.6,70
23,2021-02-23,10:08:48,2,Обычная дорога типа II,Гравий,-7,1.6,88
24,2021-01-14,08:52:06,4,Обычная дорога типа IV,Асфальт,-6,0.7,75
25,2021-02-22,20:57:33,2,Скоростная дорога,Бетон,-10,2.0,83
26,2020-11-05,06:38:41,4,Обычная дорога типа IV,Асфальт,1,0.24999999999999994,95
27,2020-10-24,04:28:39,3,Обычная дорога типа II,Грунт,8,0.8499999999999999,89
28,2020-11-21,07:21:33,3,Скоростная дорога,Бетон,2,1.5,94
29,2021-02-19,15:00:41,4,Обычная дорога типа III,Грунт,-10,1.0,78
30,2021-02-05,12:54:10,2,Обычная дорога типа II,Грунт,-4,1.2,88
31,2021-01-30,02:16:33,4,Автомагистраль,Асфальт,-3,2.4,83
32,2020-12-18,04:36:34,3,Обычная дорога типа IV,Бетон,0,0.0,81
33,2020-10-16,17:25:49,4,Скоростная дорога,Бетон,6,1.7,76
34,2021-07-06,19:00:38,3,Обычная дорога типа III,Гравий,23,1.1,74
35,2021-04-18,01:15:42,2,Автомагистраль,Асфальт,4,2.0,70
36,2021-06-03,22:53:28,2,Обычная дорога типа III,Бетон,17,0.75,60
37,2021-08-08,10:34:50,4,Автомагистраль,Асфальт,16,2.4,83
38,2021-08-04,02:25:26,2,Обычная дорога типа I,Грунт,22,1.0500000000000003,76
39,2021-05-17,02:31:57,2,Обычная дорога типа II,Грунт,15,1.4,62
40,2021-01-22,03:22:46,3,Обычная дорога типа III,Гравий,-9,0.6000000000000001,75
41,2021-03-09,10:43:58,4,Обычная дорога типа II,Грунт,-1,1.4,65
42,2021-08-11,03:27:29,4,Обычная дорога типа II,Гравий,20,0.5999999999999999,73
43,2020-11-19,22:15:14,2,Обычная дорога типа II,Гравий,-2,1.2,76
44,2021-02-18,07:56:44,3,Автомагистраль,Асфальт,-3,2.0,75
45,2021-05-12,03:18:05,2,Автомагистраль,Бетон,17,2.4,66
46,2020-12-29,03:45:55,3,Обычная дорога типа I,Асфальт,-4,1.6,77
47,2021-05-16,06:42:21,2,Обычная дорога типа IV,Гравий,15,0.24999999999999994,66
48,2021-03-29,10:54:51,4,Обычная дорога типа III,Асфальт,-2,1.0,63
49,2021-05-15,02:21:04,4,Обычная дорога типа III,Бетон,16,0.15000000000000002,71
50,2021-03-09,13:33:34,2,Обычная дорога типа I,Грунт,-6,2.0,60
51,2021-02-09,02:51:36,4,Обычная дорога типа IV,Грунт,-5,0.1,74
52,2021-01-30,00:05:10,4,Обычная дорога типа IV,Грунт,-7,0.0,85
53,2021-02-06,22:27:14,4,Скоростная дорога,Бетон,-1,2.2,91
54,2021-02-10,04:01:02,4,Автомагистраль,Асфальт,-2,1.55,88
55,2021-08-29,16:41:08,4,Обычная дорога типа I,Грунт,13,1.6,73
56,2021-04-02,05:22:57,4,Обычная дорога типа III,Асфальт,5,0.4,57
57,2021-04-01,02:18:10,4,Скоростная дорога,Бетон,7,1.35,69
58,2021-01-25,03:39:51,4,Обычная дорога типа I,Асфальт,-9,1.0,84
59,2021-05-01,18:33:43,2,Автомагистраль,Асфальт,12,1.85,76
60,2021-03-13,14:44:37,2,Автомагистраль,Бетон,3,2.4,71
61,2021-07-15,15:51:27,2,Обычная дорога типа IV,Гравий,19,0.4,80
62,2021-05-13,05:09:15,3,Обычная дорога типа I,Асфальт,12,1.3,69
63,2021-09-05,16:59:15,4,Обычная дорога типа I,Бетон,9,1.95,81
64,2020-10-30,01:26:41,4,Обычная дорога типа II,Гравий,1,1.4,85
65,2021-03-05,07:59:23,4,Обычная дорога типа II,Грунт,1,1.1,69
66,2021-09-18,14:23:08,2,Обычная дорога типа II,Грунт,10,1.6,90
67,2021-06-12,02:57:37,3,Обычная дорога типа III,Бетон,17,0.45000000000000007,68
68,2021-08-22,10:46:06,4,Обычная дорога типа III,Грунт,17,1.1,83
69,2020-12-04,21:21:44,3,Обычная дорога типа III,Грунт,1,1.2000000000000002,82
70,2021-03-29,06:11:51,2,Скоростная дорога,Бетон,-1,1.4500000000000002,76
71,2021-04-26,04:04:43,4,Обычная дорога типа IV,Гравий,8,0.5,58
72,2021-02-23,11:45:13,2,Скоростная дорога,Асфальт,-10,2.2,91
73,2021-08-17,14:15:33,2,Автомагистраль,Асфальт,16,2.1500000000000004,77
74,2021-07-15,07:25:24,2,Обычная дорога типа III,Грунт,17,0.7000000000000001,68
75,2021-06-15,09:19:06,3,Обычная дорога типа III,Бетон,19,1.1,71
76,2021-09-12,00:40:44,4,Автомагистраль,Бетон,13,2.4,71
77,2021-06-02,05:44:17,3,Автомагистраль,Бетон,12,1.7999999999999998,75
78,2020-11-29,18:38:16,2,Обычная дорога типа I,Бетон,-1,1.8,76
79,2021-06-21,00:01:58,4,Автомагистраль,Асфальт,21,2.4,61
80,2020-10-21,23:52:03,2,Обычная дорога типа I,Грунт,9,1.5,84
81,2021-05-07,18:06:12,4,Автомагистраль,Асфальт,17,2.2,57
82,2021-08-04,14:20:07,3,Скоростная дорога,Асфальт,15,1.8,85
83,2021-09-30,03:34:23,4,Автомагистраль,Бетон,17,2.3,71
84,2021-03-01,08:17:51,2,Обычная дорога типа II,Асфальт,-3,1.6,78
85,2020-11-27,00:17:02,2,Скоростная дорога,Асфальт,-3,2.0,79
86,2021-01-12,18:07:11,4,Обычная дорога типа I,Грунт,-6,1.7000000000000002,80
87,2021-03-30,16:40:37,4,Обычная дорога типа II,Гравий,-5,1.3499999999999999,75
88,2021-06-30,17:40:28,4,Скоростная дорога,Бетон,16,1.8,75
89,2021-08-22,04:06:38,4,Скоростная дорога,Бетон,14,1.25,69
90,2021-07-10,22:15:33,3,Обычная дорога типа II,Бетон,19,1.2,78
91,2021-05-12,21:32:53,3,Обычная дорога типа III,Грунт,18,0.7,71
92,2021-01-26,16:28:47,2,Обычная дорога типа IV,Гравий,-5,0.5,86
93,2020-11-30,15:40:24,2,Автомагистраль,Асфальт,1,2.0,86
94,2021-02-01,20:43:06,3,Обычная дорога типа I,Асфальт,-3,1.9000000000000001,88
95,2021-07-04,15:38:59,3,Автомагистраль,Бетон,25,2.1,81
96,2021-10-02,21:46:38,3,Обычная дорога типа II,Асфальт,1,0.8999999999999999,79
97,2021-07-02,19:31:40,2,Обычная дорога типа II,Гравий,19,1.0,74
98,2021-06-12,23:30:00,2,Обычная дорога типа III,Грунт,21,1.0,74
99,2021-09-14,21:47:53,4,Обычная дорога типа IV,Грунт,15,0.4,76
100,2020-11-23,16:53:14,4,Обычная дорога типа III,Гравий,1,0.9,91
101,2021-05-15,16:50:47,2,Обычная дорога типа I,Бетон,8,1.55,70
102,2021-08-29,16:44:15,3,Обычная дорога типа I,Гравий,17,2.0,74
103,2021-03-22,04:13:04,4,Обычная дорога типа IV,Гравий,-1,0.8,68
104,2021-05-12,11:47:48,2,Обычная дорога типа III,Гравий,9,0.6000000000000001,70
105,2021-05-03,13:04:46,2,Обычная дорога типа I,Грунт,15,1.8,57
106,2021-01-17,05:47:36,4,Скоростная дорога,Бетон,-7,1.3,84
107,2020-12-18,15:43:47,2,Обычная дорога типа I,Гравий,1,2.0,92
108,2020-12-26,03:07:29,3,Автомагистраль,Асфальт,-8,1.4,82
109,2021-06-28,20:29:42,2,Обычная дорога типа III,Гравий,18,0.8,67
110,2021-07-12,05:37:56,2,Обычная дорога типа IV,Грунт,17,0.30000000000000004,64
111,2021-03-28,06:45:43,2,Скоростная дорога,Бетон,4,1.4500000000000002,69
112,2020-11-21,04:13:47,3,Автомагистраль,Асфальт,-1,2.4,91
113,2020-12-25,16:42:43,2,Обычная дорога типа III,Гравий,0,1.2000000000000002,77
114,2021-06-14,13:26:13,2,Обычная дорога типа I,Гравий,12,1.6,62
115,2021-03-12,04:28:01,2,Обычная дорога типа IV,Грунт,3,0.4,75
116,2020-12-15,19:28:56,4,Обычная дорога типа III,Бетон,-3,1.0000000000000002,86
117,2021-01-15,01:54:48,4,Обычная дорога типа IV,Гравий,-4,0.1,80
118,2020-12-22,23:10:29,2,Обычная дорога типа III,Асфальт,-2,0.8,81
119,2021-01-05,07:06:30,4,Обычная дорога типа III,Бетон,-10,0.4,91
120,2021-09-06,23:33:39,4,Обычная дорога типа III,Грунт,16,0.8000000000000002,72
121,2021-02-05,10:06:03,4,Обычная дорога типа I,Бетон,-1,1.35,78
122,2021-08-26,08:13:42,3,Обычная дорога типа II,Асфальт,22,1.5,65
123,2021-02-08,18:25:58,3,Обычная дорога типа II,Грунт,-11,1.35,81
124,2020-12-28,20:56:01,2,Обычная дорога типа III,Бетон,-6,0.65,95
125,2021-04-07,07:29:41,4,Обычная дорога типа III,Бетон,4,0.6,73
126,2021-08-03,08:21:42,2,Скоростная дорога,Асфальт,23,1.85,66
127,2021-08-10,00:33:29,2,Обычная дорога типа IV,Асфальт,18,0.0,74
128,2020-10-18,17:54:14,3,Обычная дорога типа I,Гравий,9,1.7000000000000002,76
129,2021-01-31,06:37:22,4,Автомагистраль,Бетон,-4,2.4,75
130,2021-03-08,02:01:37,2,Обычная дорога типа IV,Асфальт,-2,0.1,58
131,2021-01-21,18:05:26,3,Обычная дорога типа II,Бетон,-11,1.3,90
132,2021-02-21,14:31:31,2,Автомагистраль,Асфальт,-1,2.0,79
133,2021-04-17,00:29:06,4,Автомагистраль,Бетон,10,2.0,61
134,2021-04-01,17:08:37,4,Скоростная дорога,Асфальт,9,1.8,64
135,2021-07-03,05:02:02,4,Обычная дорога типа II,Бетон,20,1.3,77
136,2021-09-10,17:50:55,3,Обычная дорога типа I,Асфальт,7,1.5,73
137,2021-03-04,20:29:10,3,Обычная дорога типа III,Асфальт,-5,0.65,76
138,2020-10-12,15:12:15,3,Обычная дорога типа II,Асфальт,4,1.5,84
139,2020-10-07,22:24:44,2,Обычная дорога типа I,Гравий,2,1.9000000000000001,90
140,2021-06-16,08:01:53,4,Обычная дорога типа I,Гравий,22,1.45,65
141,2021-05-19,00:40:27,2,Обычная дорога типа I,Бетон,18,1.6,71
142,2021-01-09,00:22:05,3,Обычная дорога типа I,Бетон,-4,1.8,78
143,2021-08-30,09:25:40,4,Обычная дорога типа III,Бетон,18,1.1,80
144,2021-10-03,03:14:53,2,Скоростная дорога,Бетон,9,2.0,78
145,2021-06-13,00:13:29,4,Обычная дорога типа IV,Бетон,13,0.0,75
146,2020-11-19,12:05:26,2,Автомагистраль,Асфальт,-4,2.0,85
147,2020-12-16,20:57:15,2,Автомагистраль,Асфальт,-3,2.2,76
148,2020-12-05,00:50:44,2,Автомагистраль,Бетон,-7,1.35,78
149,2021-10-01,02:58:16,4,Обычная дорога типа II,Бетон,7,0.65,75
150,2020-10-31,17:17:23,2,Скоростная дорога,Бетон,5,2.2,88
151,2021-08-13,05:47:09,4,Автомагистраль,Бетон,17,2.0,85
152,2021-09-01,19:02:57,4,Обычная дорога типа I,Асфальт,9,1.4000000000000001,81
153,2021-08-20,19:56:32,2,Обычная дорога типа III,Гравий,17,0.9000000000000001,67
154,2021-06-09,06:24:16,3,Обычная дорога типа II,Гравий,22,1.2,70
155,2021-05-07,06:39:16,2,Автомагистраль,Бетон,13,2.3,65
156,2021-08-24,16:33:40,3,Автомагистраль,Асфальт,14,2.0500000000000003,75
157,2020-12-26,15:27:54,4,Обычная дорога типа IV,Грунт,1,0.6000000000000001,87
158,2020-12-27,02:09:02,2,Обычная дорога типа I,Бетон,-7,2.0,86
159,2021-02-22,04:29:25,4,Обычная дорога типа III,Бетон,-7,0.35,81
160,2021-03-18,23:56:13,2,Обычная дорога типа II,Асфальт,-2,1.5,60
161,2021-01-04,14:07:21,3,Скоростная дорога,Бетон,-5,2.1,84
162,2021-09-13,21:41:01,2,Скоростная дорога,Бетон,16,1.9000000000000001,79
163,2020-11-24,18:21:12,4,Обычная дорога типа IV,Бетон,-4,0.6000000000000001,94
164,2021-08-17,12:54:07,3,Обычная дорога типа III,Грунт,13,0.85,80
165,2021-05-30,00:38:44,3,Скоростная дорога,Бетон,9,1.35,65
166,2021-02-16,20:37:19,2,Скоростная дорога,Бетон,-11,2.0,89
167,2021-05-29,05:03:34,3,Скоростная дорога,Асфальт,11,1.7000000000000002,73
168,2021-07-11,06:29:05,4,Обычная дорога типа II,Асфальт,24,1.6,65
169,2020-11-04,08:22:03,4,Обычная дорога типа IV,Гравий,-4,0.45,79
170,2020-10-10,10:00:46,2,Скоростная дорога,Бетон,11,1.9000000000000001,90
171,2021-06-15,05:31:37,4,Обычная дорога типа III,Грунт,17,0.30000000000000004,59
172,2021-09-10,01:20:28,2,Обычная дорога типа II,Асфальт,10,1.3,82
173,2020-11-26,02:33:23,4,Обычная дорога типа II,Асфальт,-4,0.5499999999999999,79
174,2021-09-28,10:07:57,2,Обычная дорога типа III,Бетон,16,0.8,70
175,2021-03-15,08:16:54,3,Скоростная дорога,Асфальт,-3,1.45,62
176,2021-06-04,19:32:19,4,Обычная дорога типа III,Грунт,14,1.0,69
177,2020-12-31,09:27:23,3,Обычная дорога типа III,Грунт,-7,0.7,92
178,2020-10-14,14:57:13,2,Скоростная дорога,Асфальт,1,2.0500000000000003,90
179,2021-08-06,23:57:30,2,Обычная дорога типа III,Бетон,22,1.1,80
180,2020-12-23,02:31:31,3,Обычная дорога типа I,Бетон,-5,1.15,84
181,2021-07-01,07:07:06,2,Скоростная дорога,Бетон,16,2.0,66
182,2020-10-29,10:32:26,2,Обычная дорога типа III,Бетон,5,0.65,86
183,2021-05-22,14:16:02,2,Обычная дорога типа IV,Грунт,8,0.55,63
184,2020-11-10,08:27:29,4,Скоростная дорога,Асфальт,-1,1.8,81
185,2021-08-07,00:17:46,4,Автомагистраль,Бетон,16,2.1,66
186,2021-09-22,14:04:36,3,Обычная дорога типа IV,Бетон,9,0.55,70
187,2021-04-24,13:57:16,4,Автомагистраль,Бетон,3,2.0,68
188,2021-01-31,17:48:13,3,Скоростная дорога,Бетон,-6,2.1,85
189,2021-06-15,20:49:27,4,Обычная дорога типа I,Гравий,12,1.9000000000000001,57
190,2021-01-26,06:32:11,2,Обычная дорога типа I,Бетон,-10,1.7000000000000002,95
191,2021-07-12,16:16:42,4,Автомагистраль,Асфальт,21,2.1500000000000004,77
192,2021-02-12,05:27:02,3,Обычная дорога типа III,Асфальт,-8,0.7000000000000002,81
193,2021-09-14,08:45:52,3,Обычная дорога типа I,Грунт,15,1.65,83
194,2021-09-05,02:13:16,4,Автомагистраль,Асфальт,11,2.2,89
195,2021-08-15,03:13:55,4,Обычная дорога типа I,Гравий,15,1.9000000000000001,71
196,2021-03-18,05:34:39,2,Обычная дорога типа II,Бетон,2,1.1,67
197,2021-02-05,15:33:39,2,Обычная дорога типа III,Гравий,-11,1.0,88
198,2021-03-26,11:33:21,2,Скоростная дорога,Асфальт,0,1.6,66
199,2020-12-03,15:29:40,4,Обычная дорога типа I,Асфальт,-5,1.9000000000000001,85
200,2021-04-09,02:06:03,3,Автомагистраль,Бетон,5,1.75,71
201,2020-12-05,06:04:46,3,Обычная дорога типа I,Грунт,-9,1.4500000000000002,91
202,2021-09-15,13:43:47,2,Скоростная дорога,Асфальт,16,1.8,70
203,2020-11-11,05:15:05,4,Скоростная дорога,Асфальт,-5,1.7000000000000002,96
204,2021-09-03,11:58:16,4,Скоростная дорога,Асфальт,12,2.2,84
205,2021-03-01,17:19:55,4,Обычная дорога типа I,Грунт,-3,1.7000000000000002,75
206,2020-11-21,06:13:33,2,Обычная дорога типа III,Асфальт,-1,0.8,92
207,2021-01-19,15:33:53,4,Обычная дорога типа I,Грунт,-6,1.6,90
208,2021-02-04,19:37:57,3,Обычная дорога типа I,Асфальт,-9,1.6,90
209,2021-01-07,17:38:36,2,Обычная дорога типа II,Бетон,-6,1.5,95
210,2021-08-22,13:22:02,3,Автомагистраль,Бетон,15,2.0,77
211,2021-05-08,05:36:18,3,Обычная дорога типа IV,Гравий,11,0.5,66
212,2021-04-17,13:10:31,4,Обычная дорога типа II,Асфальт,12,1.3,74
213,2021-06-20,11:20:11,3,Обычная дорога типа II,Грунт,12,1.0,76
214,2020-11-17,14:47:59,3,Обычная дорога типа IV,Грунт,-5,0.55,87
215,2020-10-30,01:28:20,3,Автомагистраль,Асфальт,10,2.1,75
216,2021-08-19,01:08:59,2,Автомагистраль,Асфальт,14,1.4,71
217,2020-12-10,05:42:44,2,Обычная дорога типа I,Асфальт,1,1.5,83
218,2021-03-15,18:49:16,3,Обычная дорога типа II,Гравий,-1,1.15,78
219,2020-12-18,04:36:47,4,Обычная дорога типа II,Гравий,-4,1.4,96
220,2021-05-30,04:05:53,2,Обычная дорога типа IV,Грунт,13,0.4,75
221,2021-01-26,16:35:10,2,Скоростная дорога,Бетон,-10,1.9000000000000001,91
222,2021-06-03,04:49:43,3,Скоростная дорога,Асфальт,17,2.1,73
223,2021-05-29,15:18:00,3,Скоростная дорога,Асфальт,10,1.9000000000000001,76
224,2021-01-24,21:26:11,4,Обычная дорога типа II,Асфальт,-5,1.2,88
225,2021-02-10,17:15:29,2,Автомагистраль,Бетон,-2,2.4,90
226,2020-12-07,03:41:35,3,Обычная дорога типа IV,Гравий,-5,0.1,92
227,2021-08-31,02:27:30,2,Автомагистраль,Асфальт,14,2.4,82
228,2020-12-27,19:23:28,2,Обычная дорога типа III,Бетон,-3,1.0,96
229,2021-09-11,19:33:31,4,Обычная дорога типа I,Асфальт,7,1.9000000000000001,87
230,2021-03-03,19:05:28,2,Обычная дорога типа IV,Гравий,0,0.5,75
231,2021-07-20,22:25:37,3,Обычная дорога типа I,Грунт,24,1.7000000000000002,68
232,2021-01-19,15:56:33,4,Обычная дорога типа I,Грунт,-7,1.6,92
233,2021-03-29,04:59:50,3,Обычная дорога типа III,Бетон,3,0.6500000000000001,70
234,2021-03-30,12:48:43,4,Обычная дорога типа IV,Бетон,4,0.8,64
235,2020-10-26,17:41:15,3,Обычная дорога типа II,Асфальт,11,1.3,82
236,2021-04-23,14:17:15,3,Автомагистраль,Бетон,8,1.95,59
237,2021-05-28,23:39:08,4,Обычная дорога типа II,Грунт,14,1.5,75
238,2021-08-01,08:28:46,4,Скоростная дорога,Асфальт,14,1.9000000000000001,67
239,2021-02-03,13:23:45,3,Автомагистраль,Бетон,-10,1.9,75
240,2021-10-03,00:01:39,3,Скоростная дорога,Бетон,2,1.9000000000000001,72
241,2021-03-26,06:11:52,4,Обычная дорога типа II,Бетон,-3,0.8500000000000001,61
242,2021-07-14,05:18:20,3,Обычная дорога типа IV,Асфальт,17,0.5,79
243,2020-12-04,18:44:22,3,Обычная дорога типа I,Бетон,-1,1.4500000000000002,83
244,2020-11-15,03:50:06,2,Скоростная дорога,Бетон,-2,1.6,76
245,2020-12-13,17:07:55,2,Обычная дорога типа IV,Гравий,-5,0.5,89
246,2021-03-02,00:05:19,3,Обычная дорога типа I,Бетон,-3,0.8500000000000001,64
247,2020-10-20,06:13:54,2,Обычная дорога типа II,Гравий,3,1.6,80
248,2021-07-03,18:49:46,4,Обычная дорога типа I,Грунт,20,1.5500000000000003,64
249,2021-10-02,17:43:47,3,Скоростная дорога,Асфальт,4,1.8,83
250,2021-05-18,08:19:06,3,Обычная дорога типа III,Грунт,11,0.6499999999999999,71
251,2021-07-23,01:37:07,2,Скоростная дорога,Бетон,23,2.0,68
252,2021-05-04,23:15:32,3,Автомагистраль,Асфальт,15,1.7000000000000002,58
253,2021-09-27,18:52:08,4,Автомагистраль,Бетон,10,2.0500000000000003,71
254,2021-09-22,05:38:14,2,Обычная дорога типа I,Асфальт,17,1.1,71
255,2021-04-20,15:57:25,4,Автомагистраль,Бетон,7,2.1,61
256,2020-12-30,19:29:07,4,Обычная дорога типа III,Гравий,-5,0.9,90
257,2021-03-09,14:39:43,4,Скоростная дорога,Бетон,-6,2.1500000000000004,78
258,2021-04-17,11:19:41,3,Обычная дорога типа I,Гравий,5,1.6,73
259,2020-10-13,23:06:52,2,Обычная дорога типа IV,Асфальт,8,0.4,82
260,2021-07-05,15:33:38,3,Обычная дорога типа III,Бетон,16,1.1,74
261,2021-09-11,17:05:39,3,Обычная дорога типа IV,Гравий,7,0.4,87
262,2021-06-07,05:02:45,2,Скоростная дорога,Бетон,16,2.2,64
263,2021-07-05,23:50:07,3,Обычная дорога типа III,Бетон,16,1.1,70
264,2021-01-25,20:29:53,3,Обычная дорога типа I,Бетон,-7,1.7000000000000002,76
265,2021-08-02,11:20:19,4,Автомагистраль,Асфальт,19,2.0,84
266,2021-07-14,23:12:52,2,Обычная дорога типа I,Гравий,24,1.6,78
267,2021-03-13,22:46:49,3,Обычная дорога типа I,Асфальт,2,1.65,68
268,2021-01-12,22:37:20,2,Обычная дорога типа II,Гравий,-10,1.2,88
269,2021-04-05,05:52:50,3,Обычная дорога типа II,Гравий,9,1.0,61
270,2021-10-04,18:43:41,2,Обычная дорога типа IV,Грунт,2,0.25,90
271,2021-06-28,18:36:34,3,Автомагистраль,Асфальт,16,1.85,74
272,2021-01-30,04:06:42,4,Скоростная дорога,Бетон,-10,1.35,92
273,2021-03-02,05:02:41,2,Скоростная дорога,Асфальт,-5,1.3,74
274,2020-10-24,23:47:39,3,Обычная дорога типа II,Бетон,5,0.9,88
275,2020-10-17,12:30:19,4,Обычная дорога типа I,Гравий,8,1.8,79
276,2021-04-24,17:37:18,2,Обычная дорога типа I,Гравий,9,1.8,61
277,2021-03-25,10:22:50,2,Обычная дорога типа I,Бетон,3,1.9000000000000001,74
278,2021-05-20,09:24:14,3,Обычная дорога типа IV,Асфальт,18,0.6000000000000001,56
279,2021-09-23,12:12:51,2,Обычная дорога типа I,Асфальт,10,1.8,70
280,2021-08-06,09:13:09,2,Обычная дорога типа I,Гравий,19,1.7,78
281,2021-01-10,00:44:04,3,Обычная дорога типа II,Бетон,-11,0.55,88
282,2021-01-24,08:23:04,2,Обычная дорога типа III,Асфальт,-2,0.9,76
283,2021-03-08,23:26:52,2,Автомагистраль,Бетон,-1,2.0,66
284,2021-03-02,00:27:11,4,Обычная дорога типа IV,Асфальт,1,0.4,69
285,2021-02-28,21:51:21,4,Скоростная дорога,Асфальт,-9,1.8,76
286,2021-02-02,04:37:36,3,Скоростная дорога,Асфальт,-1,1.45,77
287,2021-07-14,10:51:49,3,Обычная дорога типа IV,Грунт,24,0.55,80
288,2020-10-26,04:30:01,4,Обычная дорога типа I,Асфальт,1,1.45,76
289,2021-02-18,19:55:53,3,Обычная дорога типа IV,Гравий,-7,0.7,80
290,2020-11-02,19:46:07,4,Автомагистраль,Бетон,-1,2.0,91
291,2021-05-29,06:45:09,2,Обычная дорога типа III,Бетон,16,0.35000000000000003,56
292,2020-10-20,07:29:22,4,Обычная дорога типа IV,Грунт,7,0.7,92
293,2021-01-07,14:32:55,4,Обычная дорога типа III,Гравий,-2,1.0,90
294,2021-05-12,07:55:12,2,Автомагистраль,Асфальт,12,1.6,71
295,2021-06-03,00:45:14,3,Обычная дорога типа II,Грунт,14,0.8500000000000001,71
296,2020-12-10,11:16:30,2,Автомагистраль,Бетон,-5,1.8,86
297,2021-08-20,06:13:08,2,Обычная дорога типа II,Грунт,15,1.05,80
298,2020-12-17,09:42:17,2,Автомагистраль,Асфальт,-1,2.4,86
299,2021-01-25,12:19:45,2,Обычная дорога типа III,Гравий,-2,1.0,95
300,2021-06-27,16:07:23,3,Скоростная дорога,Асфальт,15,1.95,75
301,2021-07-18,17:40:22,4,Обычная дорога типа III,Бетон,23,0.8,81
302,2020-12-15,14:34:48,4,Обычная дорога типа IV,Бетон,-9,0.55,89
303,2021-07-12,07:57:08,3,Обычная дорога типа IV,Бетон,19,0.7,65
304,2021-04-23,07:14:43,4,Скоростная дорога,Бетон,11,1.9000000000000001,56
305,2021-07-27,00:43:30,2,Обычная дорога типа II,Бетон,20,1.5,67
306,2021-09-07,19:44:00,3,Обычная дорога типа II,Гравий,10,1.1,75
307,2021-03-22,21:34:03,4,Обычная дорога типа I,Бетон,-4,1.8,70
308,2021-03-27,12:25:46,2,Обычная дорога типа IV,Гравий,1,0.4,72
309,2020-12-27,21:44:54,3,Обычная дорога типа I,Бетон,-2,1.7,79
310,2020-11-18,15:38:12,4,Обычная дорога типа III,Грунт,-2,0.8,79
311,2021-01-30,11:46:13,3,Скоростная дорога,Асфальт,-3,1.9000000000000001,83
312,2021-01-06,14:58:05,4,Обычная дорога типа I,Бетон,-7,1.95,82
313,2020-12-17,17:03:12,2,Обычная дорога типа I,Грунт,-3,1.5,86
314,2021-02-26,06:06:59,2,Автомагистраль,Асфальт,-1,1.8499999999999999,84
315,2021-06-13,02:50:13,2,Скоростная дорога,Бетон,18,1.25,60
316,2021-06-08,10:33:34,2,Скоростная дорога,Асфальт,21,1.75,68
317,2020-12-09,10:50:33,3,Автомагистраль,Бетон,-3,2.2,76
318,2021-05-31,18:26:03,4,Обычная дорога типа IV,Гравий,11,0.5,68
319,2021-01-05,11:02:01,2,Обычная дорога типа III,Асфальт,-3,1.0000000000000002,88
320,2021-01-15,11:59:26,3,Обычная дорога типа II,Гравий,-12,1.0,82
321,2020-10-17,17:31:38,4,Обычная дорога типа II,Асфальт,3,1.5,77
322,2021-08-05,14:36:26,3,Скоростная дорога,Бетон,18,1.8,80
323,2021-09-02,09:37:29,4,Обычная дорога типа I,Асфальт,14,1.7,72
324,2020-11-05,07:33:33,4,Обычная дорога типа II,Гравий,-3,1.2000000000000002,79
325,2021-02-26,10:18:58,2,Автомагистраль,Бетон,-7,2.3,72
326,2021-01-10,15:32:38,4,Обычная дорога типа IV,Грунт,-3,0.4,79
327,2021-03-15,21:59:13,4,Обычная дорога типа III,Грунт,-4,0.8,65
328,2021-02-09,17:21:14,2,Обычная дорога типа IV,Асфальт,-8,0.4,77
329,2021-08-19,02:42:27,2,Автомагистраль,Асфальт,23,1.65,66
330,2021-01-10,01:28:02,3,Автомагистраль,Бетон,-11,2.4,85
331,2021-05-19,00:16:43,2,Скоростная дорога,Бетон,16,1.8,74
332,2021-05-12,00:38:53,3,Обычная дорога типа III,Грунт,17,0.8,64
333,2021-03-05,05:58:04,3,Обычная дорога типа II,Асфальт,1,0.8,71
334,2021-01-11,09:37:40,2,Обычная дорога типа III,Грунт,-6,0.9,81
335,2020-11-30,16:50:23,2,Обычная дорога типа IV,Грунт,0,0.6499999999999999,92
336,2021-08-07,14:28:27,4,Обычная дорога типа III,Грунт,17,1.05,84
337,2021-02-28,14:42:20,4,Обычная дорога типа II,Грунт,-7,1.6,82
338,2021-03-09,09:27:49,3,Обычная дорога типа II,Асфальт,2,1.3,74
339,2020-12-16,13:44:49,4,Обычная дорога типа II,Гравий,-3,1.2,84
340,2021-01-18,17:22:25,4,Обычная дорога типа II,Грунт,-12,1.5,81
341,2021-01-20,23:15:41,2,Автомагистраль,Асфальт,-3,2.3,86
342,2020-11-01,12:30:14,2,Обычная дорога типа III,Гравий,4,1.1,80
343,2021-09-13,06:33:58,4,Автомагистраль,Бетон,13,1.6500000000000001,78
344,2021-07-23,22:20:23,4,Скоростная дорога,Бетон,15,1.65,82
345,2021-03-29,14:07:14,2,Обычная дорога типа IV,Грунт,1,0.6499999999999999,70
346,2021-06-16,01:52:06,4,Обычная дорога типа I,Асфальт,12,1.9000000000000001,65
347,2021-04-27,19:12:24,3,Обычная дорога типа III,Асфальт,10,0.6000000000000001,63
348,2021-02-26,06:40:02,2,Скоростная дорога,Бетон,-8,1.55,81
349,2021-08-30,08:51:23,4,Обычная дорога типа I,Бетон,16,1.45,70
350,2020-11-22,06:18:02,2,Автомагистраль,Бетон,-1,1.6500000000000001,83
351,2021-01-30,01:18:33,3,Обычная дорога типа II,Гравий,-10,0.4999999999999999,76
352,2021-04-27,03:37:06,3,Обычная дорога типа II,Бетон,8,1.3,70
353,2021-01-01,10:05:32,4,Обычная дорога типа I,Грунт,-7,1.35,80
354,2021-04-25,11:35:20,4,Обычная дорога типа III,Бетон,5,0.7,56
355,2020-11-10,01:24:41,2,Обычная дорога типа II,Асфальт,-3,0.7999999999999999,87
356,2021-03-05,09:44:16,4,Обычная дорога типа III,Грунт,-4,0.8,77
357,2021-01-02,22:10:15,3,Обычная дорога типа IV,Гравий,-7,0.8,91
358,2020-12-28,11:54:20,2,Скоростная дорога,Асфальт,-5,1.9000000000000001,79
359,2021-06-04,05:19:32,3,Обычная дорога типа I,Гравий,19,1.3,67
360,2021-06-22,12:17:07,3,Обычная дорога типа III,Гравий,18,0.8,57
361,2021-08-27,14:32:06,4,Скоростная дорога,Бетон,21,2.1,74
362,2021-05-29,03:11:25,4,Обычная дорога типа II,Бетон,15,0.8999999999999999,60
363,2021-03-03,21:30:53,3,Скоростная дорога,Бетон,4,2.1,78
364,2021-08-14,06:06:25,2,Обычная дорога типа III,Грунт,13,1.1,79
365,2020-10-28,19:52:49,2,Обычная дорога типа IV,Бетон,11,0.49999999999999994,85
366,2021-05-14,00:08:15,2,Автомагистраль,Бетон,17,1.35,72
367,2020-11-06,01:01:40,3,Автомагистраль,Бетон,3,2.2,78
368,2021-03-18,14:24:58,2,Обычная дорога типа II,Бетон,-1,1.4,76
369,2021-07-29,09:21:35,3,Обычная дорога типа II,Асфальт,23,1.6,62
370,2021-01-15,02:42:14,2,Обычная дорога типа III,Гравий,-3,0.9,92
371,2021-04-19,02:49:25,4,Обычная дорога типа II,Бетон,8,0.65,67
372,2020-12-26,01:32:19,3,Обычная дорога типа II,Бетон,-2,1.5,89
373,2020-10-19,01:28:12,3,Автомагистраль,Асфальт,4,1.5,81
374,2021-02-12,06:02:29,3,Обычная дорога типа III,Грунт,-3,0.45,77
375,2020-12-20,06:37:07,2,Обычная дорога типа III,Асфальт,-9,0.7500000000000002,92
376,2021-08-26,17:17:46,4,Автомагистраль,Асфальт,21,2.0,66
377,2021-09-28,20:52:44,2,Обычная дорога типа IV,Асфальт,13,0.3500000000000001,79
378,2020-10-23,11:26:22,4,Скоростная дорога,Асфальт,7,1.7000000000000002,79
379,2020-11-23,23:15:16,4,Обычная дорога типа IV,Гравий,-4,0.6000000000000001,95
380,2021-01-07,07:38:16,3,Обычная дорога типа II,Гравий,-4,1.1,76
381,2020-10-09,16:05:48,2,Обычная дорога типа II,Асфальт,8,1.2,87
382,2020-11-22,00:40:12,3,Обычная дорога типа I,Гравий,0,1.6,79
383,2021-04-24,09:12:27,2,Автомагистраль,Асфальт,4,1.8,74
384,2021-01-28,18:18:22,2,Обычная дорога типа I,Грунт,-5,1.7000000000000002,88
385,2021-07-15,01:29:17,2,Автомагистраль,Асфальт,25,2.3,73
386,2021-05-14,13:57:53,2,Обычная дорога типа II,Гравий,8,1.5,59
387,2021-07-28,23:14:22,3,Обычная дорога типа III,Асфальт,16,0.5,64
388,2020-12-04,21:19:04,3,Автомагистраль,Бетон,-7,1.7,81
389,2021-05-15,10:06:32,3,Обычная дорога типа I,Асфальт,17,1.75,66
390,2021-06-12,22:08:32,4,Обычная дорога типа I,Гравий,22,1.55,74
391,2020-11-21,16:10:05,4,Обычная дорога типа II,Асфальт,0,1.6,80
392,2021-07-30,02:16:23,2,Обычная дорога типа III,Асфальт,16,0.35,82
393,2020-12-19,18:06:10,4,Автомагистраль,Бетон,-8,1.85,90
394,2021-06-17,08:23:37,3,Обычная дорога типа IV,Асфальт,22,0.25000000000000006,66
395,2021-03-19,12:46:09,3,Обычная дорога типа IV,Асфальт,3,0.5499999999999999,72
396,2021-02-08,15:18:38,2,Обычная дорога типа I,Бетон,-7,1.9000000000000001,90
397,2021-03-22,01:56:06,4,Автомагистраль,Асфальт,3,1.4,63
398,2021-09-13,04:14:17,3,Обычная дорога типа I,Гравий,16,1.35,76
399,2020-12-10,05:18:53,2,Скоростная дорога,Асфальт,-4,1.8,78
400,2020-11-12,05:48:29,4,Автомагистраль,Бетон,-4,2.2,96
401,2021-04-03,18:06:32,3,Обычная дорога типа II,Гравий,10,1.25,63
402,2021-05-12,15:19:44,3,Обычная дорога типа I,Грунт,8,1.7000000000000002,76
403,2021-06-16,11:06:02,4,Обычная дорога типа IV,Грунт,12,0.6000000000000001,71
404,2021-02-19,14:10:04,3,Автомагистраль,Асфальт,-3,2.35,78
405,2021-04-05,09:09:27,2,Обычная дорога типа II,Асфальт,7,1.5,71
406,2020-10-14,20:59:09,4,Скоростная дорога,Асфальт,3,1.55,92
407,2021-07-16,04:27:59,2,Обычная дорога типа I,Бетон,17,1.1500000000000001,62
408,2021-07-29,16:36:29,2,Обычная дорога типа II,Бетон,18,1.45,74
409,2021-06-28,07:17:51,3,Обычная дорога типа IV,Асфальт,15,0.5,57
410,2020-11-04,06:22:20,4,Обычная дорога типа II,Асфальт,4,1.05,91
411,2021-03-30,02:44:42,2,Автомагистраль,Бетон,-4,2.2,59
412,2021-09-22,18:36:54,4,Скоростная дорога,Бетон,11,1.85,87
413,2021-08-27,10:06:19,3,Скоростная дорога,Асфальт,23,1.85,77
414,2021-05-07,00:48:58,3,Обычная дорога типа IV,Бетон,18,0.8,61
415,2021-08-16,08:45:52,4,Скоростная дорога,Асфальт,16,2.2,71
416,2021-07-07,19:52:41,4,Скоростная дорога,Асфальт,15,2.0,72
417,2020-11-27,00:38:43,4,Обычная дорога типа II,Гравий,3,0.44999999999999996,78
418,2021-07-11,09:59:41,3,Обычная дорога типа IV,Асфальт,16,0.19999999999999996,62
419,2021-08-07,09:51:59,3,Обычная дорога типа II,Асфальт,13,1.2,76
420,2021-06-18,15:45:17,4,Обычная дорога типа II,Грунт,13,1.3,63
421,2020-11-05,05:47:21,4,Обычная дорога типа IV,Грунт,1,0.1,79
422,2021-07-04,09:47:14,4,Обычная дорога типа III,Грунт,23,0.7,78
423,2020-12-17,20:48:06,3,Обычная дорога типа III,Грунт,-2,0.75,76
424,2021-04-13,10:22:23,2,Скоростная дорога,Бетон,5,1.75,75
425,2021-05-27,07:58:26,3,Скоростная дорога,Бетон,10,1.7000000000000002,61
426,2021-09-02,12:44:30,2,Обычная дорога типа I,Грунт,13,2.0,90
427,2021-09-04,16:01:12,4,Обычная дорога типа I,Асфальт,7,1.85,74
428,2020-10-15,00:40:50,2,Обычная дорога типа III,Грунт,4,1.2000000000000002,90
429,2021-04-02,21:20:33,3,Обычная дорога типа II,Гравий,4,1.6,74
430,2021-06-12,19:41:39,3,Скоростная дорога,Асфальт,12,2.0,58
431,2021-04-10,15:43:35,4,Скоростная дорога,Асфальт,10,2.1,72
432,2021-06-24,08:15:31,2,Скоростная дорога,Асфальт,18,2.2,64
433,2021-03-08,22:49:08,3,Обычная дорога типа III,Грунт,0,0.8,69
434,2021-01-22,19:50:05,4,Обычная дорога типа I,Грунт,-5,1.4000000000000001,78
435,2021-03-12,20:46:59,3,Обычная дорога типа III,Бетон,-5,0.8500000000000001,73
436,2021-02-06,08:53:25,4,Автомагистраль,Асфальт,-4,1.9499999999999997,77
437,2021-03-06,09:02:33,4,Обычная дорога типа IV,Гравий,-3,0.5,72
438,2020-11-16,20:58:34,3,Обычная дорога типа IV,Гравий,0,0.6000000000000001,81
439,2021-08-25,13:04:03,4,Обычная дорога типа IV,Гравий,14,0.6000000000000001,66
440,2021-08-26,00:56:27,2,Обычная дорога типа II,Грунт,14,1.2,66
441,2021-02-24,03:22:05,2,Скоростная дорога,Бетон,-6,1.5,72
442,2021-03-02,15:52:15,2,Обычная дорога типа I,Асфальт,-1,1.7000000000000002,70
443,2021-06-17,09:59:45,4,Обычная дорога типа I,Грунт,16,1.7000000000000002,70
444,2021-06-05,05:21:02,2,Обычная дорога типа III,Бетон,20,0.7000000000000002,75
445,2021-06-01,10:54:18,3,Автомагистраль,Асфальт,12,2.2,67
446,2020-10-10,19:58:47,3,Обычная дорога типа III,Асфальт,1,0.8,78
447,2021-01-07,06:35:08,3,Обычная дорога типа II,Бетон,-3,1.5,89
448,2021-05-05,02:56:07,4,Обычная дорога типа III,Гравий,13,0.35,66
449,2021-03-16,16:17:30,2,Автомагистраль,Бетон,-4,2.4,60
450,2021-09-21,02:00:42,2,Обычная дорога типа II,Бетон,11,1.3,89
451,2020-12-20,15:39:38,4,Обычная дорога типа II,Грунт,-4,1.6,79
452,2021-02-21,20:35:21,4,Обычная дорога типа IV,Асфальт,-6,0.3500000000000001,77
453,2020-11-03,00:16:15,3,Обычная дорога типа IV,Гравий,-1,0.5,93
454,2020-12-17,03:36:23,2,Скоростная дорога,Бетон,0,1.4,91
455,2021-02-15,06:20:29,3,Обычная дорога типа I,Асфальт,-2,1.2500000000000002,83
456,2021-05-13,00:52:04,4,Скоростная дорога,Асфальт,18,1.05,64
457,2021-02-21,11:31:01,3,Обычная дорога типа IV,Гравий,-8,0.49999999999999994,80
458,2021-08-12,22:27:16,3,Скоростная дорога,Асфальт,18,1.75,80
459,2020-11-29,02:21:36,3,Автомагистраль,Асфальт,4,1.75,93
460,2021-07-01,17:27:53,2,Скоростная дорога,Асфальт,25,1.8,78
461,2020-12-23,02:33:47,4,Обычная дорога типа I,Грунт,0,1.25,94
462,2021-02-08,03:57:21,4,Обычная дорога типа III,Грунт,-1,0.8,84
463,2020-10-10,18:16:06,3,Обычная дорога типа III,Грунт,8,0.85,84
464,2021-06-27,07:26:29,4,Скоростная дорога,Бетон,13,2.0,66
465,2021-09-15,21:57:53,4,Скоростная дорога,Бетон,15,1.7,72
466,2021-02-07,15:19:52,4,Обычная дорога типа I,Гравий,-11,1.7000000000000002,73
467,2021-05-21,21:04:09,3,Обычная дорога типа IV,Грунт,8,0.8,71
468,2021-05-13,21:50:45,4,Обычная дорога типа III,Асфальт,13,0.6,76
469,2021-03-19,09:42:58,4,Скоростная дорога,Бетон,1,1.9000000000000001,74
470,2021-03-24,12:55:34,3,Обычная дорога типа III,Асфальт,0,0.65,58
471,2020-11-07,16:47:05,4,Обычная дорога типа III,Гравий,-1,0.75,92
472,2020-12-04,22:46:10,4,Обычная дорога типа IV,Гравий,0,0.8,86
473,2020-10-25,02:18:57,4,Обычная дорога типа II,Гравий,7,0.65,79
474,2021-02-15,11:40:01,4,Скоростная дорога,Асфальт,-9,2.2,83
475,2021-07-30,22:39:14,2,Автомагистраль,Асфальт,16,1.75,65
476,2021-06-12,02:07:47,4,Скоростная дорога,Асфальт,14,2.1,72
477,2021-07-28,20:26:38,4,Обычная дорога типа III,Асфальт,20,1.0,72
478,2021-09-13,21:16:48,3,Обычная дорога типа III,Грунт,15,0.8,87
479,2021-03-08,04:40:21,3,Обычная дорога типа III,Асфальт,3,0.35,68
480,2021-03-04,19:54:06,3,Обычная дорога типа II,Бетон,-1,1.4,61
481,2020-12-24,20:36:52,4,Обычная дорога типа II,Асфальт,-4,1.15,82
482,2021-02-14,20:21:28,2,Обычная дорога типа III,Грунт,-7,0.9,74
483,2021-09-09,13:09:46,2,Обычная дорога типа III,Гравий,13,1.0,74
484,2021-01-24,07:40:18,4,Автомагистраль,Асфальт,-6,1.7000000000000002,94
485,2021-05-22,10:12:47,2,Обычная дорога типа III,Грунт,13,0.75,75
486,2020-10-21,09:38:50,4,Обычная дорога типа III,Гравий,8,1.1,74
487,2021-03-10,08:29:37,4,Обычная дорога типа I,Гравий,-3,1.7000000000000002,70
488,2021-02-21,19:05:38,4,Обычная дорога типа I,Гравий,-1,1.6,84
489,2021-08-09,17:42:39,2,Обычная дорога типа III,Бетон,13,0.8,84
490,2021-01-12,07:55:58,3,Обычная дорога типа II,Грунт,-6,1.2,87
491,2021-03-14,13:57:20,3,Автомагистраль,Бетон,-2,2.0,75
492,2021-01-30,05:52:35,3,Обычная дорога типа II,Грунт,-10,1.6,83
493,2021-03-05,02:16:32,3,Обычная дорога типа II,Асфальт,-1,0.85,72
494,2021-01-10,12:02:24,4,Обычная дорога типа I,Бетон,-8,1.5500000000000003,89
495,2021-04-28,01:59:22,3,Скоростная дорога,Бетон,6,2.2,67
496,2021-02-23,23:34:08,2,Обычная дорога типа I,Грунт,-1,1.4,88
497,2021-03-21,01:56:22,3,Обычная дорога типа II,Гравий,3,0.9,70
498,2021-07-30,08:06:02,2,Обычная дорога типа IV,Бетон,17,0.8,79
499,2021-09-15,18:01:29,2,Скоростная дорога,Бетон,16,2.0,86
500,2021-04-09,18:59:28,2,Обычная дорога типа II,Грунт,2,1.4500000000000002,69
501,2021-04-01,11:07:59,3,Обычная дорога типа III,Гравий,12,1.0000000000000002,68
502,2021-06-10,13:09:01,3,Обычная дорога типа I,Бетон,18,1.5,62
503,2021-06-10,20:54:16,4,Скоростная дорога,Бетон,13,2.2,63
504,2021-02-23,16:49:19,2,Обычная дорога типа I,Грунт,-6,1.9000000000000001,72
505,2020-11-27,22:19:39,4,Автомагистраль,Асфальт,1,2.0,85
506,2020-11-20,10:34:25,4,Обычная дорога типа II,Бетон,1,1.15,79
507,2021-06-16,13:32:23,2,Обычная дорога типа IV,Асфальт,12,0.8,76
508,2021-04-30,06:26:55,2,Обычная дорога типа III,Грунт,2,0.45,74
509,2021-10-05,17:07:25,3,Обычная дорога типа I,Гравий,10,1.7,82
510,2021-03-20,10:58:02,2,Автомагистраль,Бетон,0,1.85,62
511,2021-04-16,22:31:49,4,Обычная дорога типа II,Бетон,7,1.25,60
512,2021-06-16,19:53:29,3,Обычная дорога типа IV,Асфальт,22,0.2,59
513,2021-02-23,11:17:37,4,Обычная дорога типа III,Грунт,-5,0.9,82
514,2021-03-23,20:22:27,4,Обычная дорога типа IV,Гравий,3,0.5,77
515,2021-02-02,18:52:55,3,Обычная дорога типа II,Асфальт,-11,1.25,79
516,2021-10-04,19:36:52,4,Автомагистраль,Асфальт,2,2.1,86
517,2021-08-08,04:01:27,4,Обычная дорога типа I,Бетон,19,1.8,83
518,2021-07-04,01:51:34,3,Автомагистраль,Асфальт,18,1.6999999999999997,81
519,2021-07-05,21:54:29,3,Обычная дорога типа I,Гравий,23,1.4000000000000001,71
520,2020-11-20,19:39:00,3,Обычная дорога типа III,Бетон,1,0.9,92
521,2021-07-14,06:46:59,4,Скоростная дорога,Асфальт,17,1.35,73
522,2021-07-30,20:50:31,2,Скоростная дорога,Бетон,15,1.85,66
523,2021-09-24,07:09:02,2,Автомагистраль,Бетон,8,2.0,79
524,2021-07-30,12:11:57,3,Обычная дорога типа II,Бетон,25,1.5,75
525,2021-03-23,13:32:08,2,Обычная дорога типа I,Грунт,2,1.6,60
526,2020-10-18,06:56:21,2,Обычная дорога типа II,Бетон,5,1.1500000000000001,80
527,2020-11-02,22:19:42,2,Автомагистраль,Бетон,3,2.2,79
528,2021-07-03,18:20:17,2,Автомагистраль,Бетон,23,1.9500000000000002,76
529,2020-10-05,16:29:25,2,Обычная дорога типа III,Бетон,8,1.05,88
530,2021-08-12,14:56:45,4,Обычная дорога типа III,Бетон,15,0.95,66
531,2021-07-05,02:16:15,2,Обычная дорога типа II,Гравий,20,0.9500000000000001,65
532,2021-04-12,05:55:56,4,Обычная дорога типа I,Бетон,4,1.8,58
533,2020-10-20,10:57:57,3,Обычная дорога типа IV,Бетон,5,0.6000000000000001,82
534,2021-06-24,09:03:54,3,Скоростная дорога,Бетон,16,1.9000000000000001,60
535,2021-02-21,02:37:32,4,Обычная дорога типа IV,Грунт,-3,0.6000000000000001,91
536,2020-10-27,07:58:54,4,Обычная дорога типа IV,Бетон,7,0.4,84
537,2021-08-26,11:17:51,2,Обычная дорога типа III,Грунт,20,0.9000000000000001,84
538,2021-04-24,16:59:49,3,Обычная дорога типа III,Асфальт,8,0.9,60
539,2021-03-04,13:01:36,3,Обычная дорога типа II,Грунт,0,1.4,70
540,2021-02-13,00:50:37,4,Скоростная дорога,Асфальт,-5,1.9000000000000001,78
541,2021-09-15,14:43:32,3,Автомагистраль,Асфальт,13,2.1500000000000004,90
542,2021-04-29,18:00:56,2,Скоростная дорога,Асфальт,2,2.2,66
543,2021-03-20,14:25:25,3,Обычная дорога типа III,Асфальт,-3,1.2000000000000002,69
544,2021-07-13,06:55:38,2,Обычная дорога типа I,Грунт,23,1.35,63
545,2021-06-13,20:01:23,4,Обычная дорога типа II,Асфальт,21,1.15,76
546,2021-07-30,14:00:39,2,Обычная дорога типа IV,Асфальт,24,0.6499999999999999,64
547,2021-07-23,17:58:13,2,Скоростная дорога,Бетон,19,1.8,81
548,2021-04-12,23:23:09,2,Обычная дорога типа II,Бетон,3,0.9,65
549,2020-12-08,09:58:54,4,Обычная дорога типа III,Грунт,-6,0.9000000000000001,85
550,2021-08-27,16:36:08,3,Обычная дорога типа III,Бетон,14,0.85,79
551,2020-10-12,07:37:20,2,Автомагистраль,Бетон,6,1.9,78
552,2021-08-09,08:19:35,3,Обычная дорога типа IV,Грунт,23,0.8,74
553,2020-11-16,14:29:28,4,Обычная дорога типа III,Бетон,4,0.85,88
554,2021-01-20,16:34:37,3,Автомагистраль,Бетон,-8,2.0500000000000003,94
555,2021-02-16,21:54:36,3,Обычная дорога типа IV,Бетон,-4,0.8,73
556,2021-05-13,21:51:19,3,Обычная дорога типа IV,Гравий,18,0.6000000000000001,75
557,2021-06-05,05:30:18,2,Автомагистраль,Бетон,16,1.5,64
558,2021-03-07,01:00:14,2,Обычная дорога типа II,Бетон,1,0.6,74
559,2020-11-03,09:43:05,2,Обычная дорога типа IV,Бетон,-3,0.30000000000000004,80
560,2021-08-13,04:35:41,4,Обычная дорога типа I,Бетон,22,1.9000000000000001,67
561,2020-11-22,11:50:58,3,Скоростная дорога,Бетон,-5,2.0,91
562,2021-07-15,04:13:19,4,Скоростная дорога,Бетон,15,2.1,63
563,2021-07-04,12:18:53,2,Обычная дорога типа IV,Грунт,19,0.25,66
564,2021-04-18,10:43:10,2,Обычная дорога типа IV,Асфальт,6,0.15000000000000002,73
565,2021-07-11,00:17:43,4,Обычная дорога типа I,Бетон,17,1.1500000000000001,65
566,2021-02-21,11:54:38,3,Обычная дорога типа III,Гравий,-1,0.6000000000000001,76
567,2021-06-29,22:03:13,3,Скоростная дорога,Асфальт,14,1.75,56
568,2021-04-18,23:39:30,4,Обычная дорога типа IV,Асфальт,3,0.29999999999999993,64
569,2021-05-27,02:17:40,4,Обычная дорога типа I,Асфальт,11,1.35,67
570,2021-06-17,22:18:43,3,Автомагистраль,Бетон,21,1.65,58
571,2021-05-07,02:48:03,4,Автомагистраль,Асфальт,18,2.1,57
572,2021-07-20,14:22:08,2,Обычная дорога типа II,Гравий,24,1.45,77
573,2020-10-22,20:02:46,2,Обычная дорога типа I,Асфальт,2,1.6500000000000001,72
574,2020-12-24,18:05:30,4,Обычная дорога типа III,Грунт,-6,0.9500000000000001,81
575,2021-08-17,05:22:38,4,Обычная дорога типа I,Бетон,19,2.0,81
576,2021-02-19,16:38:27,3,Обычная дорога типа III,Гравий,-5,0.75,74
577,2021-05-18,16:49:57,4,Обычная дорога типа II,Асфальт,8,1.4,57
578,2021-03-31,09:23:56,3,Скоростная дорога,Бетон,4,1.9000000000000001,73
579,2020-11-15,13:21:57,3,Обычная дорога типа IV,Гравий,-3,0.4,78
580,2021-06-01,00:30:03,3,Обычная дорога типа II,Асфальт,22,1.6,66
581,2020-12-13,14:13:25,2,Обычная дорога типа III,Бетон,-9,0.75,95
582,2021-05-18,21:08:50,2,Скоростная дорога,Бетон,14,1.9000000000000001,63
583,2021-09-19,15:10:14,2,Обычная дорога типа I,Гравий,13,1.9000000000000001,87
584,2021-05-29,09:02:45,3,Обычная дорога типа III,Асфальт,17,0.8,67
585,2021-07-01,07:42:54,3,Обычная дорога типа I,Асфальт,25,1.7000000000000002,81
586,2020-10-23,10:51:15,4,Обычная дорога типа IV,Асфальт,2,0.8,79
587,2021-01-08,12:03:00,4,Автомагистраль,Асфальт,-5,2.0500000000000003,83
588,2021-03-16,06:55:20,4,Автомагистраль,Асфальт,4,1.7500000000000002,60
589,2020-10-09,23:28:19,4,Автомагистраль,Бетон,3,1.9,82
590,2020-11-15,22:24:12,3,Скоростная дорога,Асфальт,-3,1.75,94
591,2021-05-20,09:08:08,2,Обычная дорога типа I,Асфальт,10,1.7,67
592,2020-10-30,12:05:15,3,Обычная дорога типа III,Грунт,1,1.1,90
593,2021-02-19,15:35:13,3,Обычная дорога типа I,Грунт,-6,1.7000000000000002,75
594,2020-12-27,18:09:39,3,Обычная дорога типа III,Грунт,-9,0.65,83
595,2021-04-07,12:19:54,2,Обычная дорога типа IV,Грунт,3,0.7,59
596,2021-04-01,02:33:58,3,Автомагистраль,Бетон,11,2.0,76
597,2021-02-27,01:29:37,2,Обычная дорога типа IV,Асфальт,-2,0.1,86
598,2021-06-30,11:40:17,3,Автомагистраль,Асфальт,18,2.1999999999999997,60
599,2021-07-22,09:15:42,4,Обычная дорога типа IV,Асфальт,25,0.5,69
600,2021-09-29,02:33:47,2,Обычная дорога типа I,Асфальт,12,1.7000000000000002,83
601,2020-10-08,23:17:15,4,Обычная дорога типа II,Асфальт,9,0.9,84
602,2020-10-18,22:44:17,2,Обычная дорога типа III,Бетон,1,1.0,81
603,2020-11-17,08:50:05,3,Обычная дорога типа IV,Грунт,1,0.25000000000000006,90
604,2020-10-07,11:34:14,3,Обычная дорога типа III,Бетон,5,0.9,76
605,2021-08-27,12:53:41,2,Автомагистраль,Асфальт,18,1.9500000000000002,68
606,2021-05-16,21:45:56,4,Обычная дорога типа I,Грунт,8,1.8,69
607,2020-11-25,13:14:48,2,Обычная дорога типа II,Бетон,-2,1.0999999999999999,83
608,2021-02-14,22:25:42,4,Обычная дорога типа II,Гравий,-2,1.15,90
609,2020-12-26,16:57:40,3,Обычная дорога типа II,Гравий,1,1.4,91
610,2021-05-10,07:33:24,3,Обычная дорога типа I,Асфальт,10,1.3000000000000003,73
611,2021-04-10,14:21:30,2,Обычная дорога типа II,Асфальт,10,1.25,56
612,2021-07-10,02:41:49,2,Обычная дорога типа III,Бетон,22,1.0,80
613,2021-07-01,05:44:31,4,Скоростная дорога,Бетон,21,1.7000000000000002,64
614,2021-06-12,15:50:36,2,Обычная дорога типа III,Асфальт,13,1.2000000000000002,62
615,2021-05-26,08:51:25,2,Обычная дорога типа IV,Асфальт,17,0.1,62
616,2020-12-02,05:02:58,2,Скоростная дорога,Асфальт,-8,1.6,91
617,2021-06-12,20:01:12,2,Обычная дорога типа IV,Грунт,22,0.5,67
618,2021-09-28,13:02:04,2,Обычная дорога типа III,Грунт,9,0.7000000000000001,79
619,2020-12-29,21:54:40,3,Обычная дорога типа I,Грунт,-5,1.7000000000000002,85
620,2021-06-11,05:01:07,2,Автомагистраль,Бетон,19,1.9,74
621,2020-12-09,17:09:25,2,Обычная дорога типа I,Асфальт,-1,1.8,92
622,2021-08-28,20:40:53,2,Скоростная дорога,Асфальт,19,2.2,68
623,2020-10-16,16:38:03,4,Обычная дорога типа I,Грунт,7,2.0,74
624,2021-09-02,17:41:25,3,Скоростная дорога,Асфальт,16,1.8,79
625,2020-10-23,19:48:19,3,Обычная дорога типа IV,Грунт,4,0.4000000000000001,78
626,2021-04-20,21:37:12,4,Обычная дорога типа III,Асфальт,9,0.7,71
627,2021-03-19,19:01:39,3,Обычная дорога типа II,Асфальт,3,1.4000000000000001,62
628,2021-01-16,20:57:41,2,Скоростная дорога,Асфальт,-4,1.8,84
629,2021-04-27,12:57:32,4,Автомагистраль,Бетон,3,2.0500000000000003,76
630,2021-02-19,20:09:33,2,Скоростная дорога,Бетон,-10,2.2,86
631,2020-10-06,19:14:00,3,Обычная дорога типа I,Гравий,9,1.6,80
632,2021-09-11,03:04:47,2,Обычная дорога типа IV,Бетон,17,0.6000000000000001,71
633,2021-10-02,05:07:13,4,Обычная дорога типа III,Грунт,4,0.30000000000000004,88
634,2021-02-17,07:35:16,3,Скоростная дорога,Асфальт,-11,2.0,74
635,2021-08-18,08:08:27,4,Обычная дорога типа II,Бетон,15,0.95,82
636,2020-10-17,02:14:43,3,Обычная дорога типа IV,Грунт,8,0.1,75
637,2020-12-05,05:57:57,4,Автомагистраль,Асфальт,-7,1.7999999999999998,77
638,2020-11-21,16:08:26,2,Автомагистраль,Бетон,-4,2.1500000000000004,87
639,2020-11-30,17:44:46,4,Обычная дорога типа IV,Бетон,0,0.7000000000000001,95
640,2020-10-31,12:39:52,2,Обычная дорога типа II,Асфальт,9,1.4,92
641,2021-01-18,18:20:49,2,Обычная дорога типа III,Асфальт,-2,1.2000000000000002,75
642,2020-10-14,10:32:12,3,Обычная дорога типа II,Гравий,1,0.95,76
643,2021-08-22,04:07:21,2,Обычная дорога типа III,Бетон,16,1.2000000000000002,65
644,2021-04-25,19:52:45,3,Обычная дорога типа II,Грунт,11,1.5,61
645,2021-05-22,02:51:34,4,Обычная дорога типа III,Асфальт,17,0.35,60
646,2021-01-11,00:22:50,2,Обычная дорога типа I,Гравий,-8,0.9500000000000002,86
647,2021-08-06,09:12:22,2,Обычная дорога типа III,Гравий,23,0.9000000000000001,82
648,2020-10-07,17:18:05,3,Автомагистраль,Бетон,1,1.9,82
649,2021-01-09,15:54:25,2,Скоростная дорога,Асфальт,-7,2.1,81
650,2020-10-19,06:19:07,3,Обычная дорога типа II,Грунт,11,1.5,76
651,2020-11-02,05:14:17,4,Обычная дорога типа IV,Асфальт,3,0.6000000000000001,88
652,2021-04-26,09:01:25,4,Автомагистраль,Асфальт,4,2.2,74
653,2021-05-05,21:51:47,4,Обычная дорога типа II,Асфальт,18,1.6,64
654,2021-05-12,23:10:13,3,Скоростная дорога,Бетон,16,1.7000000000000002,75
655,2020-11-10,10:57:53,4,Обычная дорога типа I,Грунт,1,1.35,86
656,2020-10-21,23:41:23,4,Скоростная дорога,Асфальт,2,1.5,92
657,2021-06-03,15:01:59,4,Скоростная дорога,Асфальт,17,2.0,59
658,2020-10-21,23:05:03,2,Скоростная дорога,Асфальт,1,1.8000000000000003,91
659,2021-07-16,04:51:16,4,Обычная дорога типа II,Асфальт,15,1.3,79
660,2021-08-23,13:39:45,3,Обычная дорога типа IV,Гравий,22,0.7,68
661,2021-05-27,21:50:11,3,Скоростная дорога,Асфальт,12,1.9000000000000001,64
662,2021-04-24,14:53:51,2,Скоростная дорога,Асфальт,10,2.0,75
663,2021-05-14,12:16:37,4,Обычная дорога типа I,Гравий,17,2.0,67
664,2021-02-02,02:19:58,4,Обычная дорога типа I,Грунт,-7,0.9500000000000001,92
665,2021-01-07,05:34:40,3,Автомагистраль,Бетон,-12,2.1,93
666,2021-08-29,04:49:00,4,Обычная дорога типа II,Грунт,22,0.75,70
667,2021-07-18,03:10:22,3,Автомагистраль,Асфальт,22,1.7999999999999998,67
668,2020-12-03,12:10:50,3,Обычная дорога типа III,Асфальт,-1,0.9,76
669,2021-10-04,01:22:36,2,Обычная дорога типа I,Грунт,1,1.1,74
670,2021-08-27,00:03:14,3,Обычная дорога типа IV,Асфальт,20,0.0,68
671,2021-04-05,00:50:37,2,Скоростная дорога,Асфальт,9,1.05,70
672,2021-10-02,22:28:48,4,Автомагистраль,Бетон,9,1.65,73
673,2020-10-19,18:30:20,3,Автомагистраль,Асфальт,4,2.1,72
674,2020-10-15,14:58:10,2,Обычная дорога типа III,Гравий,11,0.9,73
675,2020-12-10,01:39:53,3,Обычная дорога типа III,Бетон,-5,1.0,87
676,2021-02-02,07:21:52,4,Обычная дорога типа II,Асфальт,-8,1.2,74
677,2020-10-05,18:17:52,4,Обычная дорога типа IV,Бетон,2,0.65,77
678,2020-11-14,00:16:57,2,Обычная дорога типа III,Асфальт,-4,0.4500000000000002,93
679,2021-07-10,03:15:21,3,Скоростная дорога,Асфальт,19,1.2,65
680,2021-09-20,18:21:12,2,Обычная дорога типа II,Гравий,16,1.2,85
681,2021-03-22,03:09:05,3,Обычная дорога типа II,Гравий,1,1.3,75
682,2021-03-14,05:36:45,4,Обычная дорога типа II,Гравий,3,0.8,77
683,2021-04-15,03:02:17,3,Обычная дорога типа III,Асфальт,6,0.9,65
684,2021-05-29,17:09:02,2,Обычная дорога типа IV,Грунт,14,0.4,67
685,2021-06-13,00:48:09,4,Обычная дорога типа III,Асфальт,15,1.1,69
686,2021-03-23,17:02:59,4,Автомагистраль,Асфальт,-2,2.3,72
687,2021-05-12,18:31:59,4,Обычная дорога типа III,Гравий,18,0.9,73
688,2020-11-05,13:00:54,3,Обычная дорога типа I,Грунт,2,1.6,77
689,2021-09-12,12:09:48,2,Обычная дорога типа IV,Грунт,11,0.5,89
690,2021-10-05,22:03:06,3,Скоростная дорога,Бетон,3,1.55,89
691,2020-12-19,17:46:36,2,Обычная дорога типа IV,Бетон,-7,0.6,77
692,2020-11-09,12:17:50,4,Обычная дорога типа I,Бетон,-1,1.9000000000000001,79
693,2021-04-02,01:31:23,2,Обычная дорога типа I,Гравий,11,1.9000000000000001,57
694,2020-12-25,16:21:47,2,Обычная дорога типа III,Асфальт,-1,1.2000000000000002,80
695,2020-12-28,15:32:06,2,Обычная дорога типа IV,Грунт,-2,0.5,92
696,2021-01-27,01:38:59,2,Обычная дорога типа IV,Грунт,-11,0.0,86
697,2020-12-19,01:20:45,4,Обычная дорога типа II,Бетон,-2,0.4999999999999999,84
698,2021-04-29,03:10:41,2,Обычная дорога типа I,Бетон,8,1.3,72
699,2021-01-24,15:20:57,3,Обычная дорога типа IV,Асфальт,-9,0.8,90
700,2020-10-06,17:48:33,3,Обычная дорога типа IV,Гравий,6,0.5,86
701,2020-12-28,09:08:27,3,Обычная дорога типа I,Асфальт,-9,1.6,77
702,2021-04-09,02:23:56,4,Обычная дорога типа IV,Бетон,5,0.8,57
703,2021-08-14,14:29:46,2,Обычная дорога типа II,Грунт,15,1.5,74
704,2020-11-12,09:13:55,2,Обычная дорога типа IV,Гравий,3,0.5,92
705,2021-04-22,14:29:45,2,Скоростная дорога,Асфальт,8,1.85,61
706,2021-07-25,22:22:27,3,Обычная дорога типа III,Бетон,16,0.6499999999999999,66
707,2020-11-02,12:12:27,2,Обычная дорога типа II,Грунт,-5,1.4,95
708,2020-10-22,21:47:56,4,Обычная дорога типа IV,Бетон,6,0.5,90
709,2021-04-17,20:27:40,3,Скоростная дорога,Асфальт,4,1.9500000000000002,58
710,2021-06-29,18:48:52,3,Скоростная дорога,Асфальт,19,1.8,56
711,2021-06-30,15:15:30,3,Обычная дорога типа I,Грунт,18,2.0,61
712,2021-08-07,06:19:03,2,Автомагистраль,Асфальт,15,2.2,71
713,2021-08-29,06:22:02,3,Обычная дорога типа I,Асфальт,22,1.35,65
714,2021-07-16,06:19:21,2,Скоростная дорога,Асфальт,24,2.2,62
715,2021-07-12,01:45:54,4,Скоростная дорога,Бетон,16,1.4,62
716,2021-02-09,15:18:59,2,Обычная дорога типа III,Гравий,-8,0.9,89
717,2020-10-25,14:45:07,4,Обычная дорога типа II,Бетон,2,1.3499999999999999,77
718,2021-09-29,20:04:31,4,Обычная дорога типа III,Грунт,13,0.8500000000000001,88
719,2020-11-05,22:30:16,2,Обычная дорога типа I,Асфальт,-2,1.6,79
720,2021-05-24,16:47:41,2,Скоростная дорога,Асфальт,9,2.2,72
721,2020-10-31,21:20:43,4,Обычная дорога типа II,Грунт,7,1.3,92
722,2021-01-18,17:57:26,4,Обычная дорога типа I,Асфальт,-6,1.7,78
723,2021-07-30,06:39:28,2,Обычная дорога типа II,Грунт,18,1.4,70
724,2021-05-26,23:28:47,3,Скоростная дорога,Асфальт,14,1.9000000000000001,73
725,2020-10-08,02:42:40,4,Обычная дорога типа III,Грунт,7,1.1,79
726,2021-09-10,07:32:22,3,Обычная дорога типа I,Гравий,12,1.5,76
727,2021-04-19,11:57:22,2,Обычная дорога типа II,Асфальт,5,1.6,60
728,2021-07-17,19:13:16,2,Обычная дорога типа III,Грунт,23,0.6000000000000001,79
729,2021-07-19,22:24:53,3,Обычная дорога типа I,Грунт,23,1.8,68
730,2021-02-24,14:29:33,4,Автомагистраль,Бетон,-1,2.35,83
731,2020-11-14,05:36:34,3,Обычная дорога типа IV,Асфальт,-4,0.0,82
732,2021-03-18,20:49:57,4,Автомагистраль,Бетон,-2,2.0,63
733,2021-03-28,22:45:14,2,Обычная дорога типа I,Бетон,-3,1.25,61
734,2020-12-31,16:23:21,4,Скоростная дорога,Асфальт,-2,2.0,77
735,2021-01-07,01:37:56,2,Скоростная дорога,Бетон,-5,1.4,87
736,2021-03-01,13:21:53,4,Скоростная дорога,Асфальт,-2,1.9000000000000001,69
737,2021-05-12,00:13:08,4,Обычная дорога типа III,Грунт,8,0.3500000000000001,75
738,2021-09-06,20:07:41,4,Скоростная дорога,Бетон,9,1.9000000000000001,82
739,2020-10-31,02:50:58,3,Обычная дорога типа III,Гравий,10,0.25,89
740,2021-04-20,00:25:39,3,Обычная дорога типа I,Асфальт,8,1.6,60
741,2021-03-25,13:58:31,3,Обычная дорога типа II,Грунт,-5,1.2,72
742,2021-05-11,11:30:42,3,Автомагистраль,Бетон,13,2.4,60
743,2021-05-26,14:23:17,4,Обычная дорога типа I,Бетон,9,1.9000000000000001,76
744,2021-03-20,22:29:53,3,Автомагистраль,Асфальт,-1,1.9499999999999997,68
745,2021-09-07,06:29:39,2,Обычная дорога типа IV,Асфальт,8,0.6000000000000001,75
746,2021-07-02,10:04:00,2,Обычная дорога типа IV,Асфальт,25,0.7,77
747,2021-03-08,18:57:37,3,Обычная дорога типа IV,Грунт,2,0.25,77
748,2021-04-23,09:11:31,2,Обычная дорога типа III,Гравий,4,0.5,70
749,2021-04-27,01:07:20,3,Обычная дорога типа IV,Асфальт,12,0.0,57
750,2021-01-03,06:15:58,4,Обычная дорога типа I,Гравий,-3,1.1500000000000001,85
751,2021-07-22,23:04:56,2,Скоростная дорога,Асфальт,17,1.8000000000000003,79
752,2021-03-22,04:40:45,4,Обычная дорога типа I,Бетон,2,1.05,61
753,2020-11-24,00:55:52,3,Обычная дорога типа II,Грунт,3,0.75,83
754,2021-01-06,01:34:59,3,Автомагистраль,Асфальт,-2,1.2999999999999998,87
755,2021-09-12,15:36:51,4,Обычная дорога типа II,Бетон,7,1.2,83
756,2021-05-18,18:35:06,4,Обычная дорога типа III,Гравий,18,1.1,61
757,2021-07-24,01:37:39,4,Обычная дорога типа II,Бетон,21,0.9,70
758,2021-02-04,08:18:41,2,Скоростная дорога,Бетон,-8,1.8,77
759,2021-03-31,23:18:27,3,Скоростная дорога,Бетон,1,1.9000000000000001,73
760,2021-07-16,13:53:12,4,Обычная дорога типа IV,Гравий,16,0.8,76
761,2021-05-04,15:32:54,2,Обычная дорога типа IV,Бетон,18,0.6000000000000001,70
762,2021-06-23,00:52:31,3,Обычная дорога типа III,Бетон,20,1.0,56
763,2020-12-27,05:42:07,4,Обычная дорога типа IV,Грунт,-4,0.4,87
764,2020-10-31,22:44:19,2,Обычная дорога типа III,Бетон,5,0.75,92
765,2021-08-28,01:48:24,3,Скоростная дорога,Асфальт,16,2.1,70
766,2021-06-21,03:33:14,3,Скоростная дорога,Бетон,22,1.4,58
767,2021-02-19,21:23:56,4,Обычная дорога типа III,Гравий,-11,1.0,74
768,2021-09-11,00:49:29,3,Обычная дорога типа I,Бетон,8,1.6,82
769,2021-07-24,02:01:56,4,Обычная дорога типа IV,Бетон,22,0.8,77
770,2021-07-11,10:09:19,2,Скоростная дорога,Асфальт,18,1.75,80
771,2020-10-23,21:46:53,2,Скоростная дорога,Бетон,1,1.8,92
772,2021-08-14,04:09:07,4,Обычная дорога типа II,Грунт,21,1.4,65
773,2021-02-21,10:20:13,4,Обычная дорога типа I,Гравий,-2,1.9000000000000001,92
774,2021-07-02,18:37:45,4,Скоростная дорога,Асфальт,24,1.8,73
775,2020-12-15,04:30:27,4,Автомагистраль,Бетон,-8,2.2,77
776,2021-01-15,15:21:36,3,Скоростная дорога,Асфальт,-2,2.2,86
777,2021-03-13,01:49:32,4,Обычная дорога типа III,Грунт,1,1.1,70
778,2021-06-22,13:31:22,3,Автомагистраль,Асфальт,14,2.2,56
779,2021-06-03,11:55:37,2,Скоростная дорога,Бетон,20,2.0,75
780,2021-04-29,21:19:37,3,Обычная дорога типа I,Гравий,11,1.5,75
781,2020-10-17,21:47:02,4,Автомагистраль,Бетон,5,1.7,92
782,2020-10-31,05:23:04,4,Обычная дорога типа IV,Бетон,1,0.19999999999999996,79
783,2021-01-26,07:36:04,3,Обычная дорога типа I,Асфальт,-5,2.0,81
784,2021-06-10,01:05:28,2,Автомагистраль,Бетон,17,1.5,66
785,2020-10-24,19:39:42,2,Обычная дорога типа IV,Асфальт,7,0.4000000000000001,76
786,2020-12-11,20:48:53,2,Обычная дорога типа II,Гравий,-9,1.5,79
787,2020-11-27,12:17:24,4,Автомагистраль,Асфальт,5,2.15,92
788,2021-05-20,13:12:24,3,Обычная дорога типа IV,Бетон,9,0.7000000000000001,64
789,2020-10-20,17:21:25,4,Обычная дорога типа II,Гравий,1,1.6,82
790,2020-12-14,12:08:54,4,Обычная дорога типа III,Бетон,-5,1.0500000000000003,84
791,2021-09-06,10:34:59,2,Обычная дорога типа III,Асфальт,11,0.75,80
792,2020-10-25,14:22:07,3,Обычная дорога типа IV,Гравий,11,0.6000000000000001,88
793,2020-10-28,00:38:46,4,Обычная дорога типа IV,Асфальт,11,0.6000000000000001,74
794,2021-02-11,02:10:35,4,Скоростная дорога,Бетон,-5,2.2,72
795,2020-12-19,11:47:56,3,Обычная дорога типа II,Гравий,-8,1.3,78
796,2021-07-02,16:00:07,4,Обычная дорога типа IV,Бетон,18,0.7,82
797,2021-03-26,04:01:50,4,Обычная дорога типа II,Гравий,-4,0.6499999999999999,69
798,2021-05-17,04:48:07,2,Обычная дорога типа I,Грунт,9,1.7000000000000002,71
799,2021-06-13,13:19:08,4,Обычная дорога типа III,Гравий,16,0.8,59
800,2021-08-17,22:43:04,3,Автомагистраль,Асфальт,15,2.4,72
801,2020-12-12,20:52:31,4,Автомагистраль,Асфальт,-9,2.3,81
802,2021-08-20,11:23:08,2,Обычная дорога типа IV,Грунт,21,0.6000000000000001,82
803,2021-04-13,13:32:34,4,Обычная дорога типа II,Бетон,10,1.4,66
804,2021-01-10,17:48:48,2,Обычная дорога типа III,Грунт,-5,1.1,81
805,2021-08-03,19:51:03,3,Обычная дорога типа III,Гравий,14,1.1,66
806,2021-01-05,06:13:48,3,Обычная дорога типа II,Бетон,-12,1.1500000000000001,79
807,2021-04-14,01:38:58,2,Автомагистраль,Асфальт,9,2.4,76
808,2021-04-04,20:41:52,3,Обычная дорога типа II,Грунт,4,1.15,67
809,2021-06-14,08:48:01,4,Автомагистраль,Бетон,17,1.9499999999999997,74
810,2021-06-15,12:16:28,4,Обычная дорога типа II,Асфальт,13,1.0499999999999998,70
811,2020-12-27,05:29:57,4,Обычная дорога типа I,Гравий,-1,1.1,89
812,2020-12-22,09:39:47,4,Обычная дорога типа III,Грунт,0,0.6,87
813,2021-05-27,07:11:04,2,Автомагистраль,Бетон,12,2.1,69
814,2021-09-11,15:47:06,3,Обычная дорога типа IV,Бетон,10,0.7,88
815,2021-05-16,22:47:17,2,Скоростная дорога,Бетон,18,1.8,61
816,2020-10-26,14:20:19,2,Обычная дорога типа III,Грунт,5,0.75,85
817,2020-11-27,12:08:37,3,Обычная дорога типа IV,Асфальт,-2,0.7,78
818,2021-05-07,11:34:27,3,Автомагистраль,Бетон,14,2.3,71
819,2021-08-22,18:15:22,3,Скоростная дорога,Асфальт,21,2.0,84
820,2020-11-28,22:26:10,3,Обычная дорога типа III,Асфальт,4,0.8,93
821,2021-09-12,02:29:36,3,Скоростная дорога,Бетон,8,1.8,87
822,2021-04-14,04:27:42,3,Скоростная дорога,Асфальт,7,1.35,57
823,2021-01-31,06:15:26,3,Обычная дорога типа II,Гравий,-10,1.6,80
824,2021-03-20,01:01:22,4,Скоростная дорога,Асфальт,-4,1.2999999999999998,65
825,2021-04-06,06:41:45,2,Обычная дорога типа II,Гравий,11,1.6,71
826,2021-03-28,14:54:29,2,Обычная дорога типа IV,Асфальт,-3,0.5,74
827,2021-07-21,11:15:42,2,Автомагистраль,Бетон,17,2.1,71
828,2021-06-20,23:35:42,2,Обычная дорога типа II,Асфальт,13,1.2,74
829,2020-12-05,21:09:31,4,Скоростная дорога,Асфальт,-5,1.7,82
830,2021-02-08,06:11:46,4,Обычная дорога типа I,Асфальт,-11,1.2500000000000002,72
831,2020-10-08,02:39:53,4,Обычная дорога типа I,Бетон,8,0.9500000000000001,72
832,2021-06-24,18:57:42,2,Скоростная дорога,Асфальт,13,2.1,63
833,2021-03-02,08:43:39,4,Обычная дорога типа III,Асфальт,4,0.45,78
834,2021-08-09,08:59:02,4,Обычная дорога типа IV,Гравий,20,0.0,81
835,2020-10-23,19:49:28,4,Автомагистраль,Бетон,1,2.1,89
836,2021-08-27,04:48:27,4,Обычная дорога типа IV,Бетон,21,0.1,80
837,2020-12-23,05:33:24,4,Обычная дорога типа III,Гравий,-7,1.2000000000000002,78
838,2021-06-23,09:43:16,4,Скоростная дорога,Асфальт,16,1.8,67
839,2021-07-07,02:35:36,2,Скоростная дорога,Бетон,17,1.9000000000000001,74
840,2020-10-16,03:23:29,2,Обычная дорога типа I,Гравий,5,1.7000000000000002,81
841,2021-09-28,14:32:11,4,Обычная дорога типа I,Бетон,15,1.8,90
842,2021-01-20,02:25:50,3,Автомагистраль,Бетон,-11,1.5500000000000003,90
843,2021-06-25,07:38:08,3,Обычная дорога типа I,Грунт,15,2.0,62
844,2020-12-14,21:16:30,3,Обычная дорога типа III,Асфальт,0,0.6,93
845,2021-06-09,06:52:34,4,Обычная дорога типа III,Асфальт,22,0.8,74
846,2020-11-19,09:29:00,3,Обычная дорога типа III,Грунт,-2,1.2000000000000002,93
847,2021-07-14,10:01:29,4,Обычная дорога типа IV,Гравий,21,0.6000000000000001,69
848,2021-08-10,05:52:21,4,Скоростная дорога,Бетон,19,1.8,71
849,2021-02-27,16:58:43,4,Обычная дорога типа III,Грунт,-4,0.75,86
850,2021-04-02,20:14:27,3,Скоростная дорога,Бетон,3,1.55,61
851,2020-12-17,06:10:28,3,Автомагистраль,Асфальт,-3,1.8499999999999999,76
852,2020-12-17,15:28:47,3,Скоростная дорога,Бетон,-5,2.2,89
853,2021-04-17,08:31:58,2,Обычная дорога типа I,Бетон,4,1.55,56
854,2020-11-12,07:25:27,4,Обычная дорога типа IV,Гравий,-4,0.4,89
855,2021-04-17,00:23:13,4,Обычная дорога типа IV,Асфальт,4,0.7,63
856,2020-11-10,04:00:54,4,Обычная дорога типа III,Гравий,0,0.35,89
857,2021-06-11,22:52:06,2,Обычная дорога типа II,Бетон,20,1.5,74
858,2021-09-24,02:36:21,4,Обычная дорога типа II,Гравий,10,0.5499999999999999,89
859,2021-08-25,06:44:18,2,Обычная дорога типа III,Бетон,15,1.0,81
860,2021-07-22,23:38:55,3,Обычная дорога типа III,Бетон,16,1.1,68
861,2020-11-01,15:28:29,4,Скоростная дорога,Асфальт,3,2.0,80
862,2021-06-06,00:55:36,2,Обычная дорога типа IV,Гравий,12,0.6000000000000001,66
863,2021-07-01,14:48:39,4,Автомагистраль,Асфальт,24,1.95,77
864,2021-04-10,22:33:21,3,Обычная дорога типа IV,Бетон,11,0.25000000000000006,66
865,2021-01-04,05:53:43,3,Автомагистраль,Бетон,-7,1.9,82
866,2021-07-23,04:50:33,4,Автомагистраль,Бетон,16,1.55,65
867,2021-08-20,10:02:48,3,Обычная дорога типа IV,Асфальт,18,0.4,82
868,2020-11-02,11:38:29,4,Обычная дорога типа IV,Асфальт,1,0.4000000000000001,81
869,2021-04-15,22:21:24,2,Обычная дорога типа IV,Бетон,6,0.7,72
870,2020-11-01,09:21:30,4,Скоростная дорога,Бетон,0,2.2,84
871,2021-04-25,16:00:44,4,Обычная дорога типа IV,Грунт,6,0.7,59
872,2021-07-19,08:49:02,2,Автомагистраль,Асфальт,23,2.1,80
873,2021-06-05,18:30:20,4,Обычная дорога типа II,Гравий,15,1.25,64
874,2021-02-26,10:50:44,4,Обычная дорога типа IV,Асфальт,-1,0.25,91
875,2021-06-14,12:40:34,2,Обычная дорога типа I,Бетон,15,2.0,74
876,2021-05-15,15:14:12,2,Обычная дорога типа III,Гравий,10,1.0,61
877,2021-03-25,08:57:01,4,Обычная дорога типа II,Грунт,2,1.3,69
878,2021-02-02,15:58:26,4,Обычная дорога типа II,Асфальт,-6,1.4,89
879,2021-03-03,01:53:51,3,Обычная дорога типа III,Грунт,-2,0.1,63
880,2020-11-12,17:28:37,4,Обычная дорога типа IV,Асфальт,-3,0.7000000000000001,86
881,2021-04-11,14:01:18,4,Скоростная дорога,Бетон,6,2.0,63
882,2021-01-18,10:47:16,2,Обычная дорога типа I,Грунт,-8,1.6500000000000001,86
883,2021-03-17,23:14:19,2,Обычная дорога типа IV,Бетон,-2,0.8,72
884,2021-08-26,13:49:36,4,Обычная дорога типа I,Бетон,18,1.6,67
885,2020-10-17,01:16:57,4,Обычная дорога типа IV,Бетон,2,0.7,85
886,2020-12-09,20:48:49,3,Автомагистраль,Бетон,-6,1.9500000000000002,91
887,2021-04-26,01:20:44,4,Обычная дорога типа IV,Грунт,3,0.6000000000000001,69
888,2021-08-18,12:05:06,2,Обычная дорога типа II,Гравий,18,1.4500000000000002,83
889,2021-07-27,05:15:50,4,Скоростная дорога,Асфальт,21,1.4000000000000001,79
890,2021-04-14,09:09:26,3,Обычная дорога типа II,Бетон,3,1.2,62
891,2021-08-14,18:09:11,4,Скоростная дорога,Бетон,15,1.9000000000000001,74
892,2021-05-26,18:12:49,4,Автомагистраль,Бетон,12,2.0500000000000003,73
893,2021-02-26,09:22:42,4,Обычная дорога типа IV,Асфальт,-9,0.8,92
894,2020-10-27,22:38:43,3,Скоростная дорога,Бетон,1,2.2,76
895,2021-05-02,02:34:04,2,Обычная дорога типа II,Бетон,11,1.3,63
896,2020-12-27,00:04:38,3,Обычная дорога типа III,Гравий,-4,0.8,76
897,2021-01-22,14:22:57,3,Скоростная дорога,Бетон,-10,1.9000000000000001,81
898,2021-01-01,00:48:41,4,Скоростная дорога,Бетон,-4,1.25,90
899,2021-09-30,00:43:09,3,Обычная дорога типа I,Грунт,17,1.6,84
900,2021-07-03,00:24:38,3,Скоростная дорога,Бетон,20,1.4500000000000002,80
901,2021-08-26,00:23:29,4,Обычная дорога типа II,Гравий,15,0.44999999999999996,84
902,2020-10-19,05:09:12,4,Обычная дорога типа III,Асфальт,1,0.7000000000000002,73
903,2020-12-29,17:41:57,2,Автомагистраль,Бетон,-3,2.1,80
904,2021-01-30,03:58:56,4,Обычная дорога типа I,Грунт,-5,2.0,81
905,2021-08-28,15:58:58,4,Скоростная дорога,Бетон,16,1.9000000000000001,70
906,2021-01-15,03:13:22,2,Обычная дорога типа IV,Гравий,-10,0.0,89
907,2020-12-31,18:23:07,4,Скоростная дорога,Бетон,-4,1.75,78
908,2021-01-26,17:23:45,3,Автомагистраль,Асфальт,-6,2.3,86
909,2021-05-24,23:38:02,2,Обычная дорога типа I,Гравий,17,1.6,60
910,2021-03-11,12:39:10,3,Обычная дорога типа II,Гравий,0,1.25,59
911,2021-08-21,08:01:41,3,Обычная дорога типа III,Асфальт,17,0.9,81
912,2020-11-13,11:19:26,3,Обычная дорога типа I,Асфальт,2,1.7000000000000002,82
913,2021-03-25,05:19:51,3,Обычная дорога типа III,Асфальт,-3,0.5,70
914,2021-06-13,01:40:24,4,Скоростная дорога,Асфальт,19,1.1,58
915,2021-07-22,08:11:33,3,Обычная дорога типа IV,Асфальт,19,0.4,67
916,2021-01-28,04:28:34,3,Скоростная дорога,Асфальт,-10,1.25,93
917,2020-11-21,03:02:35,2,Обычная дорога типа I,Бетон,0,1.9000000000000001,91
918,2021-06-06,15:44:00,4,Обычная дорога типа III,Гравий,15,1.2000000000000002,57
919,2021-07-16,18:41:11,3,Обычная дорога типа III,Асфальт,18,1.0,65
920,2021-08-12,15:18:07,2,Обычная дорога типа III,Гравий,23,1.1,74
921,2021-01-06,20:54:02,4,Обычная дорога типа III,Асфальт,-4,0.9,93
922,2021-04-19,08:56:04,3,Обычная дорога типа II,Асфальт,2,1.0499999999999998,56
923,2020-11-10,03:23:41,4,Автомагистраль,Бетон,-2,1.6999999999999997,82
924,2021-02-25,21:16:30,3,Обычная дорога типа III,Асфальт,-1,1.2000000000000002,90
925,2020-11-07,21:53:22,2,Обычная дорога типа III,Грунт,4,1.1,85
926,2021-02-23,20:26:12,3,Автомагистраль,Асфальт,-10,2.1,75
927,2021-07-17,02:49:49,4,Обычная дорога типа III,Грунт,15,0.5500000000000002,73
928,2021-08-22,17:31:01,2,Обычная дорога типа III,Бетон,13,0.7000000000000001,84
929,2021-02-25,15:03:20,4,Обычная дорога типа II,Грунт,-11,1.6,73
930,2021-06-30,20:00:14,3,Обычная дорога типа III,Грунт,17,1.1,61
931,2021-06-12,18:17:47,2,Обычная дорога типа II,Асфальт,18,1.6,62
932,2021-08-28,19:42:34,2,Обычная дорога типа I,Асфальт,14,1.7000000000000002,84
933,2021-04-29,16:00:17,4,Обычная дорога типа III,Бетон,9,0.8,71
934,2021-03-25,21:25:52,2,Обычная дорога типа II,Гравий,0,1.2,78
935,2020-11-13,05:43:45,4,Обычная дорога типа I,Грунт,3,1.5,92
936,2021-04-22,03:47:44,4,Скоростная дорога,Бетон,9,1.6,72
937,2021-01-28,21:45:27,2,Обычная дорога типа III,Грунт,-7,0.9,93
938,2021-02-27,16:06:46,2,Обычная дорога типа III,Грунт,-4,1.1,86
939,2021-08-14,15:50:03,3,Скоростная дорога,Бетон,23,1.8,78
940,2020-11-18,04:13:18,3,Автомагистраль,Бетон,4,2.1,81
941,2020-12-17,01:38:50,2,Обычная дорога типа II,Асфальт,-7,0.6,92
942,2020-11-09,12:28:18,2,Обычная дорога типа I,Асфальт,3,1.65,87
943,2020-10-11,09:29:52,3,Автомагистраль,Асфальт,10,1.8,92
944,2021-03-05,16:09:11,3,Скоростная дорога,Бетон,0,2.0500000000000003,68
945,2021-03-16,01:10:34,4,Автомагистраль,Асфальт,-4,2.4,78
946,2021-04-30,15:01:50,3,Скоростная дорога,Бетон,9,1.8,68
947,2021-03-03,16:19:29,3,Обычная дорога типа III,Асфальт,-5,0.85,75
948,2021-01-24,05:41:00,2,Автомагистраль,Асфальт,-3,2.2,93
949,2021-03-01,02:32:23,2,Обычная дорога типа II,Гравий,-1,0.5499999999999999,62
950,2021-06-27,02:53:49,2,Обычная дорога типа III,Гравий,20,0.8,76
951,2020-12-25,14:49:58,4,Обычная дорога типа III,Грунт,-5,1.2000000000000002,82
952,2021-03-28,15:04:43,2,Обычная дорога типа II,Бетон,-5,1.6,69
953,2020-10-10,03:44:52,4,Обычная дорога типа I,Асфальт,9,1.3,74
954,2021-08-16,06:51:36,3,Автомагистраль,Асфальт,19,2.3,72
955,2021-04-07,13:12:44,3,Обычная дорога типа I,Гравий,3,1.7000000000000002,66
956,2020-11-01,23:02:39,3,Обычная дорога типа I,Грунт,-3,2.0,78
957,2021-08-04,13:16:14,4,Автомагистраль,Асфальт,21,1.9,73
958,2021-09-14,11:43:29,3,Автомагистраль,Бетон,9,2.0999999999999996,89
959,2021-01-25,14:00:53,3,Обычная дорога типа I,Бетон,-8,2.0,88
960,2021-08-01,06:02:55,3,Скоростная дорога,Асфальт,16,1.7500000000000002,69
961,2021-04-22,11:56:22,4,Обычная дорога типа IV,Гравий,7,0.4,76
962,2021-04-20,03:34:59,2,Обычная дорога типа I,Гравий,8,1.0,57
963,2021-04-01,13:31:56,2,Обычная дорога типа III,Грунт,11,1.1,76
964,2020-11-01,23:49:14,2,Скоростная дорога,Бетон,5,1.5,78
965,2021-05-11,07:09:43,4,Обычная дорога типа III,Грунт,18,0.5,59
966,2021-01-17,19:22:49,3,Скоростная дорога,Асфальт,-5,1.9000000000000001,81
967,2021-06-22,20:09:17,3,Скоростная дорога,Бетон,18,1.75,71
968,2021-07-03,04:26:00,4,Обычная дорога типа I,Гравий,21,1.05,73
969,2020-11-04,01:12:23,4,Обычная дорога типа III,Асфальт,-4,0.9,78
970,2021-01-27,10:26:07,3,Обычная дорога типа I,Грунт,-10,1.6,87
971,2020-11-23,17:54:21,2,Автомагистраль,Бетон,-5,2.0,84
972,2021-01-20,05:58:42,3,Обычная дорога типа IV,Гравий,-11,0.1,78
973,2020-11-02,05:11:11,4,Обычная дорога типа IV,Грунт,2,0.19999999999999996,92
974,2021-02-19,09:10:25,2,Автомагистраль,Бетон,-5,2.2,80
975,2020-12-15,04:09:03,3,Автомагистраль,Асфальт,-2,2.0,92
976,2021-01-31,07:34:20,2,Обычная дорога типа II,Гравий,-10,1.2000000000000002,78
977,2021-09-08,11:27:20,2,Обычная дорога типа I,Бетон,17,2.0,89
978,2021-07-01,17:15:38,2,Обычная дорога типа I,Грунт,23,1.7,65
979,2021-06-23,18:22:48,2,Обычная дорога типа I,Асфальт,22,1.6,72
980,2021-07-07,07:33:07,4,Обычная дорога типа II,Грунт,24,1.2000000000000002,75
981,2021-07-29,16:39:27,3,Обычная дорога типа IV,Гравий,22,0.5,71
982,2020-12-19,23:02:35,3,Автомагистраль,Бетон,1,2.1,77
983,2021-01-25,22:38:02,3,Обычная дорога типа III,Бетон,-3,0.8500000000000001,89
984,2020-11-02,18:12:36,2,Автомагистраль,Бетон,-1,1.85,85
985,2021-08-28,05:01:25,4,Скоростная дорога,Бетон,16,1.6,68
986,2021-03-20,17:50:59,3,Обычная дорога типа III,Гравий,1,0.8,60
987,2021-02-19,12:30:12,4,Обычная дорога типа IV,Бетон,-8,0.7,77
988,2021-06-02,15:58:03,4,Автомагистраль,Асфальт,14,2.1,75
989,2021-03-08,07:25:33,4,Обычная дорога типа IV,Бетон,2,0.4,68
990,2021-01-07,15:54:03,3,Обычная дорога типа IV,Грунт,-5,0.8,91
991,2021-05-04,11:34:07,4,Обычная дорога типа IV,Бетон,17,0.49999999999999994,68
992,2021-08-30,08:20:01,3,Автомагистраль,Бетон,20,1.75,68
993,2021-04-02,06:56:11,3,Обычная дорога типа II,Грунт,10,1.2,62
994,2021-09-11,03:45:32,3,Обычная дорога типа II,Грунт,14,1.6,89
995,2021-05-16,16:18:38,4,Обычная дорога типа III,Бетон,11,0.9,70
996,2021-05-28,17:36:17,4,Скоростная дорога,Асфальт,13,2.0,62
997,2021-08-31,13:13:32,4,Обычная дорога типа III,Бетон,19,1.2000000000000002,70
998,2020-11-01,23:07:17,4,Обычная дорога типа I,Асфальт,1,1.8,76
999,2020-11-30,15:04:43,4,Обычная дорога типа II,Бетон,5,1.4,88
